idelem,intensidad,ocupacion,carga
4739,508,7,39
4740,160,2,12
4741,200,0,13
4742,240,15,21
4743,320,2,12
4744,280,1,10
4757,7,5,5
4746,160,0,5
4747,162,15,26
4748,360,6,29
4749,360,3,20
4750,360,2,13
4751,312,6,26
3566,480,2,33
3567,640,3,17
3568,600,9,55
4752,280,4,26
10977,212,2,16
4754,200,1,17
10978,0,0,0
10979,0,0,0
4758,360,3,26
4759,240,3,19
4760,169,1,12
4761,85,1,7
4762,212,4,20
4763,169,1,6
4764,127,5,17
4766,212,2,16
4767,466,6,35
4768,0,0,0
4769,127,1,9
4771,60,43,29
10226,120,1,9
10225,270,3,22
10228,300,4,25
4755,80,0,6
4745,40,0,3
4753,40,22,24
4756,40,23,25
10236,60,63,64
10237,150,32,39
4770,300,20,31
10227,300,65,73
4772,240,50,42
4765,85,6,12
4802,216,2,9
4803,108,1,4
4794,72,0,4
4808,823,6,20
4809,1080,4,33
4810,849,4,19
4811,0,0,0
4812,212,1,13
4813,85,0,3
4818,212,4,18
4819,254,5,21
10568,926,3,28
10569,951,3,28
4822,1260,3,26
4823,1671,4,26
3569,900,2,31
4824,720,3,26
4825,1851,7,39
4826,1363,3,28
4827,114,0,4
4828,129,2,6
4829,1999,6,41
3802,1260,4,27
3803,1646,11,38
4830,411,17,40
4831,463,1,11
4832,231,8,22
4833,180,2,8
4834,180,3,15
4835,180,15,28
4836,315,3,13
4837,437,5,18
10873,309,16,33
10286,280,28,41
10288,40,0,3
10287,240,6,21
10289,40,56,57
10492,40,0,3
10493,160,1,12
10494,80,0,5
10863,1363,3,27
10864,1569,4,32
10871,1491,4,24
10858,1548,4,32
10859,180,1,6
10860,489,3,18
10861,1077,3,26
10877,283,22,40
10876,309,5,25
10906,180,1,7
10284,129,16,23
10285,231,13,26
10872,40,43,45
4817,42,0,3
4838,0,0,0
4820,257,20,33
4821,231,17,30
4839,225,4,18
4840,180,1,13
4841,90,1,3
3623,315,8,27
3624,360,28,45
4842,270,6,23
6825,135,3,12
11044,341,1,12
11039,303,1,11
11042,152,1,6
11043,38,1,4
11045,341,3,14
10401,265,1,10
7001,135,1,5
4845,0,0,0
4846,315,10,29
4847,405,2,15
4848,135,9,13
4849,135,1,5
4850,405,2,15
4851,225,3,10
4852,270,2,10
4853,90,1,7
4854,90,2,7
4855,450,3,17
4856,0,0,0
7000,90,1,7
4843,45,41,11
11041,0,3,3
11040,76,1,6
10514,192,4,16
10522,144,3,12
10520,0,0,0
10521,48,0,3
4860,160,30,21
10519,257,0,9
10517,154,1,11
10518,55,7,8
10516,566,2,20
10515,368,1,13
10513,240,9,24
4876,360,3,26
4869,180,1,13
4870,90,0,6
4871,0,0,0
5220,192,3,9
4882,144,3,12
4883,288,1,10
4885,400,16,38
4886,280,53,62
4887,80,58,60
4888,200,2,15
4889,155,25,33
3625,84,6,11
3626,40,0,3
3627,144,3,12
4890,160,7,17
4858,154,53,29
5203,103,1,7
4861,160,6,13
4859,40,0,3
4867,0,0,0
4868,120,65,68
3419,103,0,7
4891,51,0,3
10523,480,2,18
10524,240,7,22
10526,768,3,27
10525,336,0,11
10961,593,5,43
6635,211,3,14
6636,518,7,39
6637,254,0,17
6638,593,7,44
4878,480,0,16
4879,432,23,45
4880,480,1,16
5204,96,76,49
4881,144,1,5
5219,126,2,10
5217,300,2,22
5218,0,0,0
10108,307,11,29
10106,76,2,7
10104,114,3,10
10107,189,31,40
4866,189,8,20
10512,144,0,10
10962,212,1,15
4872,495,13,42
4873,463,1,16
4877,257,1,18
4874,309,0,10
4875,309,0,10
4884,566,3,21
4862,189,6,18
4863,76,40,43
10105,303,77,82
4865,227,83,86
3835,23,12,14
6632,22,5,7
6631,12,0,1
6633,10,6,7
6634,85,40,43
3570,7,5,2
4857,0,0,0
10968,169,2,13
10994,33,15,17
10995,425,9,35
10992,131,1,10
10993,65,2,6
10969,212,2,16
10971,381,8,31
4895,196,2,6
4896,0,0,0
4897,425,3,16
4898,254,5,21
4899,212,6,19
4900,339,3,14
4901,339,7,28
4902,350,8,29
10970,85,2,8
10972,381,5,29
11075,0,0,0
11073,85,1,7
11074,381,27,46
11072,254,4,20
4912,296,6,25
4909,524,12,43
4913,33,15,17
4914,42,1,4
4917,0,0,0
4916,169,71,49
4910,65,15,8
4915,339,87,90
4922,1505,9,54
4923,622,2,22
10684,164,4,17
10683,327,3,24
4926,1407,11,52
4927,622,25,40
10942,229,3,18
4929,229,2,17
4930,1767,15,49
4931,556,4,21
4932,818,8,33
4933,556,2,14
4934,425,3,17
10941,1178,6,43
10601,65,1,5
4935,687,6,27
10940,753,3,27
11024,785,3,28
4938,254,3,11
11022,327,0,11
11021,131,2,11
4941,655,2,17
4942,131,1,4
4943,458,4,19
4944,949,19,44
4945,524,3,20
4946,98,2,5
4947,818,4,30
3571,91,5,11
4948,327,9,28
4949,360,23,41
4950,589,4,23
4951,131,32,38
4952,753,3,27
4953,425,5,32
11023,65,0,4
3404,425,9,31
3405,818,6,31
4956,432,2,30
4957,127,4,13
7006,0,0,0
7005,85,1,7
11212,327,3,24
3768,262,4,21
9879,200,1,14
9878,240,4,19
9985,393,12,35
10495,222,5,19
10496,174,8,19
10497,222,3,17
10797,262,1,9
10798,33,0,2
10837,295,2,12
10838,0,0,0
10842,360,3,15
6829,98,4,10
4955,98,7,13
4925,295,10,28
4928,0,0,0
4960,18,10,11
6828,98,78,79
4958,80,47,50
4959,140,42,48
4940,98,30,35
4954,295,82,86
6824,491,21,47
10403,265,0,9
11052,189,1,7
10402,114,0,8
4964,38,0,3
10990,872,2,30
3480,1402,9,52
10991,720,3,26
4962,386,8,32
4963,568,2,21
11047,227,0,8
4965,417,2,15
11050,0,0,0
4967,379,2,14
4968,189,0,6
11051,344,2,13
11049,189,1,7
4971,455,1,16
3420,114,1,4
4972,758,2,19
4973,334,0,8
4974,152,2,12
4975,304,1,8
4976,152,0,10
4977,417,1,15
11046,76,1,3
4979,379,0,9
4980,379,2,14
4981,114,0,4
4982,265,0,9
4983,493,2,18
4984,303,0,10
4985,379,3,15
4986,227,1,8
4987,417,1,15
4989,240,2,18
3406,60,0,4
4994,240,21,34
4995,48,0,3
4996,288,5,23
4997,48,1,4
3630,144,4,13
3631,48,0,3
3632,96,1,7
4998,393,5,17
4999,414,10,35
3446,360,0,24
5000,120,0,8
10488,96,0,6
10489,288,4,22
10487,144,0,10
11053,114,0,8
11054,152,0,10
4993,0,0,0
4961,341,29,18
11048,0,0,0
10092,76,24,28
4966,227,22,20
4969,114,3,8
4970,38,19,7
4978,114,58,21
3445,262,25,21
4992,146,46,51
3527,21,6,7
4988,180,8,19
3643,504,2,17
5870,360,1,10
5871,792,2,28
5872,504,1,17
5873,540,2,19
5874,612,1,21
5875,866,5,30
5876,1008,2,33
5877,720,1,24
5878,72,0,2
5879,756,0,25
10027,360,3,14
5881,648,1,19
5882,468,8,36
5883,180,9,15
5884,566,11,45
5885,206,3,16
5886,206,1,7
10134,288,2,10
5888,432,2,9
5889,252,0,6
5890,144,2,11
5891,432,3,17
5892,612,2,20
5893,864,4,33
11031,612,1,14
11099,135,0,9
5894,288,1,10
5895,200,2,8
5896,840,9,34
11096,72,1,5
11095,36,0,2
5897,800,5,30
5898,480,3,19
5899,379,1,13
5900,1008,11,39
10055,576,2,15
10051,396,1,14
10053,324,1,11
10052,720,2,18
10054,972,6,36
11098,0,0,0
10277,540,1,18
10276,540,1,18
10278,413,1,14
10279,420,1,14
11100,225,1,16
10280,144,3,8
3713,216,2,16
10281,864,2,28
10295,684,2,24
10296,720,1,23
10640,240,3,11
10643,517,1,18
10642,40,0,3
10641,120,1,9
10644,160,4,14
10664,240,2,18
10663,240,1,9
10665,120,1,9
10666,200,1,8
10667,160,4,14
10668,160,1,6
10886,108,0,7
10887,252,4,20
10879,108,3,10
10882,144,0,10
10880,180,4,16
10881,180,3,15
11027,36,0,2
11101,90,1,7
11103,90,1,7
11104,180,1,13
11102,0,0,0
11097,191,1,14
11262,111,0,7
11263,111,2,9
11264,0,0,0
11265,245,5,21
10072,324,90,92
10073,252,15,29
10075,252,12,27
10074,756,16,58
10070,288,50,60
3714,144,36,41
5906,14,5,6
5887,228,22,31
5903,53,15,18
5901,21,15,17
5902,108,3,10
11261,0,0,0
5904,60,2,6
5905,180,27,36
3712,106,1,7
4773,326,16,34
10612,80,1,4
4774,244,15,29
4775,288,5,23
10609,132,4,12
4777,324,25,42
4776,324,33,47
4781,396,11,34
4807,504,5,21
10610,80,1,6
4780,676,33,48
4804,684,2,17
4805,468,3,18
4806,1692,37,73
10582,72,1,6
4782,108,2,9
10905,216,1,8
3479,36,2,6
3517,72,31,34
10611,80,50,53
10056,216,21,27
11025,756,6,29
3572,180,3,15
5037,907,7,35
5038,432,3,17
5039,756,5,29
5040,504,4,20
5041,972,6,36
5042,756,5,29
5043,972,8,37
5044,1008,7,38
5045,864,20,66
5046,720,5,28
5047,468,7,36
5048,612,10,47
5049,360,4,27
5050,252,3,19
5051,612,11,47
3684,540,5,22
5052,334,9,29
5053,288,4,22
5054,828,11,60
5055,216,5,19
5056,108,42,46
5058,108,5,12
5059,144,2,7
3685,576,11,28
3686,252,6,22
5060,0,0,0
5245,252,6,22
5246,180,6,17
5247,756,5,29
5061,216,9,22
10025,180,4,16
10282,396,9,33
5036,432,29,49
3447,108,32,37
5255,720,21,59
5063,417,4,31
5064,417,5,31
5065,341,4,26
10575,76,1,7
5067,295,33,44
5068,38,0,3
5069,589,9,43
5070,265,4,21
5071,114,0,8
5075,76,0,5
5076,114,1,8
3655,38,0,3
5077,417,1,15
5078,720,5,27
5079,114,1,8
5083,180,2,7
5084,1145,4,38
5085,327,3,13
3742,229,1,9
5087,270,6,23
5088,225,2,10
5089,0,0,0
5090,524,1,12
5091,360,5,28
10576,76,1,6
10577,114,2,11
10578,114,0,8
10579,65,0,4
3574,38,44,7
10580,98,2,8
10581,65,1,5
10982,45,1,4
11030,622,8,26
11005,315,6,26
11006,270,3,19
3634,495,9,39
10257,38,22,5
10256,0,0,0
10250,360,56,67
10251,379,1,14
10614,568,3,21
10613,227,4,15
10615,38,1,3
10637,796,5,30
10638,189,2,13
10617,531,3,20
10618,60,1,4
10616,38,0,3
11007,95,3,9
3635,164,87,88
10332,0,0,0
10848,33,97,97
10849,131,94,95
10850,196,90,91
5093,135,37,11
3687,114,34,10
3573,76,11,6
3633,98,46,50
5094,180,48,55
5098,180,63,68
3551,0,0,0
11314,45,80,81
11313,290,30,37
10358,52,1,3
5101,1073,33,81
5102,1219,36,88
5105,600,13,48
5108,200,6,19
5110,480,6,21
5115,120,2,10
5118,360,38,53
5119,40,1,5
5120,80,1,6
5121,400,7,32
5122,360,46,59
3481,200,4,17
5123,320,22,39
5124,320,4,24
5132,315,4,24
5133,255,4,12
5134,0,0,0
5135,0,0,0
5136,45,1,4
5137,180,3,15
5138,0,0,0
5139,0,0,0
5140,405,9,35
5141,51,3,6
5144,257,6,21
5145,257,6,21
5146,257,7,23
5147,0,0,0
5148,0,0,0
3769,90,0,6
5092,90,0,6
10510,405,1,28
10507,180,1,13
10508,0,0,0
10509,207,6,20
10506,360,3,26
10505,0,0,0
10504,270,4,21
10502,360,4,27
10503,90,10,15
10500,295,2,21
10501,585,4,41
10981,0,0,0
11026,135,4,13
6959,585,3,16
6960,315,2,9
6961,225,3,10
9998,288,2,11
9996,96,2,5
9997,144,1,11
9995,336,5,26
10067,810,5,22
10069,225,1,6
10068,270,3,20
10230,144,0,5
10229,192,0,6
10235,96,0,3
10232,144,0,5
10326,154,4,8
10328,360,6,17
10330,360,5,16
10329,158,7,12
10310,103,2,5
10309,585,7,25
10331,257,3,11
10319,103,1,4
10313,103,1,4
10311,257,2,10
10312,51,0,2
10315,103,1,4
10314,257,2,10
10316,206,3,10
10325,0,0,0
10327,0,0,0
10324,0,0,0
10323,154,2,7
10322,0,50,50
10321,0,0,0
10317,257,2,10
10318,360,6,17
10320,0,0,0
10405,154,2,7
10404,154,2,7
10406,154,1,6
10536,0,0,0
10534,0,0,0
10535,51,1,2
10532,0,0,0
10533,45,1,2
10531,463,6,20
3814,120,8,15
3680,60,5,9
6547,6,0,0
9999,288,21,36
10231,0,0,0
6545,360,86,89
6546,180,78,81
3813,45,6,9
10234,0,0,0
10233,0,0,0
10537,154,6,16
6559,76,1,4
6560,1819,49,111
6561,341,3,14
6562,189,1,7
6563,417,7,33
6564,379,8,31
6565,303,6,24
6566,152,21,29
6567,227,3,18
6568,265,7,23
6569,227,3,18
3788,212,4,17
6570,265,3,11
6571,227,1,9
6572,189,0,6
6573,0,0,0
6575,85,1,7
6955,169,2,12
6574,531,40,50
6956,339,6,26
3723,127,1,9
6954,381,3,15
10197,280,1,10
10291,227,0,8
10294,152,1,5
10333,675,3,24
10335,45,1,4
10334,315,2,12
10336,270,1,9
10293,152,61,65
10292,152,61,65
7110,0,0,0
6578,114,77,79
6579,38,7,9
6580,152,25,33
3787,114,3,10
6953,42,2,5
6962,315,3,13
6582,130,2,6
6583,135,3,12
6963,240,3,19
6965,360,1,13
6966,640,10,23
3789,880,3,31
6964,377,13,35
9861,800,37,48
9862,360,1,9
9858,600,3,22
9859,240,4,12
6970,280,1,7
9860,320,1,8
10028,400,16,38
5880,440,29,50
10029,320,6,26
10376,34,1,3
10337,45,0,3
10363,630,2,23
10364,45,0,3
10365,45,0,3
10377,213,2,16
10378,171,1,12
10381,31,0,2
10382,54,0,4
10383,178,1,13
10384,168,1,12
10366,135,1,10
10367,405,4,30
10368,225,1,16
10369,90,0,6
10371,405,6,31
10370,180,0,12
10374,0,0,0
10375,0,0,0
10372,360,4,27
10373,316,1,22
10413,765,8,31
10414,45,1,4
10412,90,0,6
10441,495,2,18
10442,90,0,6
10443,0,0,0
10415,450,3,17
10417,90,0,6
10416,135,1,10
10686,585,3,22
10420,0,0,0
10421,45,0,3
10431,90,1,7
10432,90,0,6
10433,270,5,22
10434,360,4,27
10423,90,1,7
10583,45,1,4
10584,120,1,9
10691,0,0,0
10419,45,0,3
10688,135,0,9
10689,40,0,3
10690,45,0,3
10687,0,0,0
10692,45,1,4
10799,360,2,14
10800,0,0,0
10801,45,0,3
10817,495,5,20
10815,45,0,3
10816,45,1,4
10030,280,69,75
10136,252,9,24
3530,180,1,13
6591,36,0,1
10188,684,10,31
10189,180,52,58
10190,1224,8,46
10191,72,2,7
10215,381,7,31
10214,85,0,3
10213,0,0,0
6596,252,4,12
10591,36,1,3
10853,42,1,4
6584,0,0,0
6585,72,81,82
6586,0,0,0
6587,0,0,0
6588,0,0,0
6589,0,0,0
6590,72,14,18
10060,556,1,14
10059,98,0,3
10058,720,5,28
6595,324,2,12
3509,324,2,12
11294,180,3,15
6597,288,1,10
6598,55,1,3
3794,108,1,5
6599,324,2,9
3795,216,10,14
10529,576,4,22
10566,295,1,10
10563,196,0,11
10562,655,2,16
10564,393,1,13
10062,164,0,5
10061,2127,16,51
10090,36,0,1
10088,180,0,6
10091,72,0,2
10086,180,1,7
10181,72,0,2
6594,288,2,11
10693,36,1,3
10694,0,0,0
10854,0,0,0
10855,108,3,10
10856,0,0,0
10857,72,1,6
10359,164,28,35
10565,229,5,19
10567,164,12,21
3700,0,0,0
6600,72,16,20
10361,0,0,0
10360,0,0,0
5149,254,3,17
10989,65,18,22
3770,42,1,3
5151,1178,6,30
5152,196,5,17
3771,753,3,20
5153,556,3,21
5154,524,3,14
5155,884,39,51
5156,818,4,21
10389,1211,10,40
10390,164,1,12
10395,2861,5,53
10394,90,0,6
10397,1900,3,28
10398,197,4,9
5169,0,0,0
5170,85,1,7
5171,42,1,4
11076,169,5,16
11077,381,12,34
11070,196,4,17
11071,98,2,8
5178,982,7,37
5180,131,5,13
9833,131,16,23
6834,0,0,0
10418,196,33,42
10392,1015,12,62
5150,212,7,16
5173,6,5,5
5160,108,0,7
10391,196,5,17
10393,0,0,0
10511,206,4,16
10805,466,3,18
10804,466,6,35
10806,85,0,6
5185,160,1,6
5186,400,1,10
5188,560,6,24
5189,257,4,20
5191,206,1,15
5192,635,15,51
5193,42,0,3
5194,339,5,26
5195,381,2,14
5196,720,12,33
5197,381,8,31
5198,254,1,6
7008,381,4,28
10283,169,2,13
5182,154,9,14
5187,0,0,0
5190,15,0,1
5236,440,3,17
5237,377,6,17
5238,1840,9,46
5239,640,4,24
10593,96,0,3
10592,48,0,2
10594,192,0,6
5240,324,2,23
5241,576,27,41
5242,684,33,64
5243,180,0,6
5244,762,10,33
5248,1038,11,42
5249,1059,8,32
3688,42,0,1
5250,551,18,33
5251,169,1,6
5252,466,31,52
5253,678,42,55
5254,135,0,5
5256,405,2,15
5257,405,2,15
5258,270,0,6
5259,405,2,15
5260,360,0,8
5261,855,1,20
5262,270,0,9
5263,300,2,11
5264,38,0,1
5265,0,0,0
10598,127,2,8
10600,296,4,23
10599,0,0,0
5269,540,5,39
5270,300,14,22
5271,990,25,75
10597,0,0,0
10596,48,0,3
10589,80,2,7
10587,40,2,5
10585,45,1,4
10586,120,2,10
10588,40,1,4
9941,192,0,6
9940,336,2,13
9942,440,2,16
9901,320,0,11
10590,0,0,0
10595,36,0,2
10654,45,6,9
10655,1080,5,39
10652,0,0,0
10653,180,1,6
10657,315,3,23
10656,180,1,13
10946,847,4,24
10947,296,0,20
10945,635,1,22
5305,468,2,17
5273,900,12,65
5274,300,18,34
9849,120,7,15
9848,80,20,25
9850,0,0,0
9851,135,51,56
9852,0,5,5
9853,90,19,24
5297,30,15,16
9978,114,59,62
5298,189,9,21
5299,341,37,52
5268,0,0,0
5272,296,1,21
11210,0,0,0
11211,80,26,30
5275,468,5,35
4792,36,21,23
5277,504,8,39
4793,288,0,5
5279,864,14,39
5280,479,10,24
5281,864,6,33
5282,792,7,32
5283,144,4,13
5284,216,98,40
5285,396,6,18
5286,396,2,15
5287,540,3,20
5288,455,5,19
5289,576,3,21
5290,455,3,18
5291,493,4,20
11029,540,3,20
5293,361,3,15
5294,189,14,25
5295,606,16,50
5296,0,0,0
5300,265,6,23
5301,341,11,31
5302,360,7,29
5303,94,2,5
4790,288,1,7
10929,40,1,4
4791,36,1,3
11028,1656,11,60
4779,504,3,19
4787,360,1,9
4789,216,2,9
3830,336,3,14
4786,72,0,2
4784,504,4,20
4795,227,1,8
4796,303,7,26
4797,38,1,4
3556,76,0,5
4798,76,0,3
4783,758,2,19
10261,540,4,16
4799,648,3,17
4788,612,4,17
10272,72,0,5
10963,648,13,32
10964,252,2,10
10952,720,48,60
10951,108,2,9
10948,136,5,14
10950,36,1,3
10949,324,2,13
10955,72,0,5
10954,540,48,67
10953,144,9,18
10956,216,24,35
10957,252,8,23
10680,283,11,28
5292,36,75,76
10262,72,35,38
4785,0,0,0
5304,360,2,14
5306,504,3,20
5307,324,6,26
5308,288,2,12
5309,36,0,2
5310,468,3,19
5311,360,4,29
5312,648,3,25
5313,324,10,39
5314,612,2,23
5315,324,3,21
10793,180,0,18
10794,60,0,6
5319,576,3,23
5320,144,3,12
5321,396,1,15
5322,108,4,6
5317,648,3,25
5323,180,5,10
5324,396,2,15
5325,612,2,23
5326,180,4,18
5327,242,9,24
3749,216,3,19
5328,252,0,13
5329,180,5,17
3750,144,4,13
5330,252,4,20
5331,0,99,99
5332,108,2,9
5333,108,0,5
5334,252,4,16
5335,164,5,13
3636,884,3,17
5157,785,5,22
5158,131,1,5
5159,393,5,30
10619,72,1,7
10795,60,0,6
10796,120,0,12
5316,108,14,21
5318,0,0,0
5336,405,16,27
5337,270,2,10
5338,90,10,15
5339,225,4,18
5340,103,1,4
5341,51,1,2
5342,154,2,7
5343,411,2,15
5344,206,2,8
5345,678,4,25
5346,85,0,3
5347,1991,26,75
10902,76,53,55
5349,227,5,19
5348,644,8,48
10900,531,21,49
10901,397,6,31
10996,103,3,10
5350,341,3,14
5352,520,2,19
5355,440,6,34
7107,440,1,16
9935,85,1,4
9936,169,4,15
9944,254,1,9
9943,212,3,9
9986,606,63,78
9989,303,2,22
10422,38,63,64
10290,225,3,18
9939,339,79,81
5354,207,34,39
5351,400,6,31
7108,40,26,28
5356,114,55,58
9988,303,3,23
9987,38,1,4
9990,114,18,24
10868,80,32,36
5385,0,0,0
5386,45,0,2
5387,0,0,0
10932,135,0,3
3484,227,0,5
5388,45,0,1
5389,180,3,15
3590,360,1,9
10015,135,0,9
5391,270,4,21
5392,135,1,10
5393,225,1,8
5394,315,6,26
6832,180,4,16
5396,180,2,7
10931,45,0,3
5398,225,2,9
5399,200,3,9
5400,90,3,9
5401,360,1,13
5402,135,1,5
5403,90,1,7
10930,270,0,6
10014,270,3,11
10016,90,0,6
10017,315,2,12
5390,180,4,16
3483,27,0,2
5397,105,54,57
6811,0,0,0
5011,120,0,8
5010,1160,8,44
5001,840,3,30
3410,120,1,9
5002,480,0,11
5003,786,6,30
4547,280,3,21
5012,144,3,12
5004,560,1,13
5018,80,2,7
5005,578,21,36
3702,360,1,13
5035,80,46,49
5006,327,3,13
7009,120,48,52
5019,118,5,12
5021,800,9,33
5007,240,0,8
5022,400,2,15
5023,160,0,5
5034,55,22,25
10429,640,2,16
10430,720,4,27
5008,560,5,23
5031,0,0,0
5024,440,4,18
5020,280,8,20
5009,480,4,35
5029,45,1,4
5016,240,3,19
5013,384,2,15
5014,144,1,11
10428,320,1,12
5015,96,0,3
10426,80,0,3
5017,0,0,0
10425,600,9,27
5032,0,0,0
5033,40,0,3
10424,240,1,8
10570,189,1,14
10965,280,2,8
10966,200,0,13
10967,400,0,9
10988,440,3,17
10987,520,4,21
10803,160,17,26
3553,96,19,24
5030,0,0,0
5184,0,0,0
5183,212,2,16
10253,455,12,39
10574,76,6,11
10273,200,3,16
5112,360,6,29
10274,400,6,31
10275,240,2,18
5057,36,1,3
3576,255,10,25
3628,360,2,14
5109,400,9,33
5099,200,1,14
5100,440,20,43
5127,80,47,48
3629,520,6,22
5113,520,10,41
5114,320,3,24
5106,80,2,7
5107,240,7,22
5128,80,2,7
10254,108,54,57
5125,59,33,36
5126,200,90,91
5131,80,23,27
9847,0,12,12
5111,0,0,0
10573,237,4,18
10572,142,0,9
10571,237,3,18
10973,932,7,36
10974,339,2,13
4906,593,9,45
6830,254,4,20
4903,296,3,13
4904,212,11,24
4907,127,9,11
5166,501,7,38
3637,501,10,37
5179,783,9,49
5165,376,10,33
5174,470,7,36
3640,751,10,55
3641,622,7,23
5163,33,1,3
5162,0,0,0
5175,916,3,28
5176,1276,9,41
9992,98,1,7
10224,818,3,25
10223,393,4,29
5181,376,75,57
10222,949,35,76
5161,0,0,0
4918,1167,23,51
4920,254,14,29
4919,42,2,4
4921,42,24,26
4894,127,21,28
4908,85,6,7
3403,141,44,49
5168,63,2,8
3577,0,95,95
5167,0,1,1
5164,33,13,15
5177,65,47,49
5172,327,85,88
5783,420,3,41
5784,120,3,25
5785,300,2,28
5786,340,2,34
5787,440,4,45
5788,400,5,33
5789,520,5,34
5790,440,3,38
5791,620,6,44
5792,360,3,23
3754,300,21,65
5793,280,0,24
5794,499,4,40
5795,200,7,47
3755,240,3,38
5796,180,3,40
5797,80,0,19
5798,120,2,27
5799,140,5,26
5800,340,7,48
5801,200,1,21
5802,180,4,35
5803,180,10,47
5804,460,3,30
5805,999,11,51
5806,240,5,61
3774,60,0,17
5807,120,3,47
5808,80,2,25
5809,60,3,16
5810,220,6,75
7027,400,2,38
7116,280,11,40
5812,580,3,64
5813,499,5,40
3587,460,14,36
5814,340,5,34
5815,600,17,44
5816,740,9,60
5817,720,6,43
5818,480,4,37
5819,480,4,53
5820,360,2,30
5821,540,3,32
5822,300,1,19
5823,460,3,25
5824,1780,7,52
5825,1100,10,45
5826,60,1,38
5827,620,5,48
5828,160,36,49
5829,580,16,32
5831,140,3,43
5832,160,7,64
5833,220,4,40
5834,80,1,15
5835,240,3,35
5836,760,6,57
5837,400,2,32
5838,700,32,40
5839,820,2,32
5840,560,2,29
6945,1280,10,47
5842,980,7,38
5844,1380,11,46
5846,400,3,34
5847,260,4,38
5848,200,1,20
3428,160,1,17
5849,600,5,48
5850,440,4,41
5852,380,14,53
5853,300,82,59
5854,520,4,36
5855,499,9,34
5856,560,2,31
5857,400,1,26
5858,360,2,28
5859,420,6,28
5860,260,1,21
5841,1140,11,43
9840,520,6,37
6947,680,2,32
6946,740,12,35
10063,520,5,31
10064,280,2,15
5864,0,100,48
5865,140,82,47
5867,20,1,17
5868,20,2,4
5869,260,53,68
9856,220,5,15
5907,380,2,34
5908,1320,9,50
5909,740,13,61
5910,840,32,61
5911,640,9,53
5912,540,19,62
5913,380,5,55
5914,700,13,59
5915,280,5,44
5916,460,9,48
5917,300,5,45
5918,420,35,46
5919,460,7,41
5920,60,0,6
5921,480,12,45
3593,520,17,44
3594,480,8,37
5922,520,7,49
5923,700,6,33
5924,460,2,25
5925,300,4,48
3644,640,8,60
3645,220,2,43
5926,440,7,42
3775,440,8,40
3776,460,10,49
3756,720,5,26
10550,700,14,29
5927,260,1,15
5928,580,5,37
5929,0,98,47
5930,0,98,48
5931,20,0,17
5932,100,1,9
5933,160,5,23
5934,160,5,42
5935,180,10,47
5936,120,56,42
5937,100,2,39
5938,20,0,10
5939,600,2,33
5940,600,3,28
5941,260,7,27
5942,680,3,32
10552,920,8,28
10553,240,5,28
10555,480,2,20
10556,740,5,29
10554,280,1,20
10558,760,5,21
10557,280,0,24
10559,320,1,17
10721,20,0,10
10701,200,1,33
10702,140,2,46
10707,120,0,23
10716,40,0,12
10724,220,2,27
10725,120,4,45
10732,120,1,29
10733,80,1,22
10735,0,0,1
10736,160,3,29
10734,100,11,30
10731,120,0,37
10726,180,1,40
10722,100,0,29
10718,100,1,29
10715,180,1,28
10710,360,5,34
10705,360,6,42
10818,140,0,24
10819,360,5,52
10821,160,1,42
10820,700,10,61
10822,360,4,46
10823,780,27,62
11037,160,11,30
11038,420,7,40
11059,100,51,30
11172,180,2,12
11173,280,5,25
11174,240,17,48
11176,220,5,37
11175,400,8,45
11177,60,2,5
11178,340,6,17
11180,140,2,9
11179,820,9,41
11182,60,7,8
11181,480,16,31
5943,140,23,33
3528,60,36,34
5944,160,70,54
5945,100,41,52
5946,40,5,24
10003,360,2,27
10004,620,11,29
10007,700,6,12
10008,580,19,16
5947,940,6,38
5948,140,2,21
5949,640,5,38
5950,260,2,28
5951,560,5,26
5952,800,5,32
5953,60,0,22
10717,220,5,35
5955,499,5,20
5956,820,5,31
5957,520,3,19
5958,900,6,34
5959,180,2,31
5960,499,3,17
5961,600,53,38
5962,440,6,34
5963,499,3,32
5964,140,0,8
5965,180,1,17
5966,240,1,24
5967,2200,10,36
5968,620,2,17
5969,1160,8,48
5970,300,1,45
5971,120,0,13
5972,400,14,56
5973,560,4,20
5974,300,1,42
3646,1200,25,29
5975,620,3,31
5976,540,5,22
5977,920,4,32
5978,499,2,17
5979,400,1,15
5980,640,2,22
5981,960,6,31
5982,600,8,39
5983,580,3,20
5984,980,6,39
5985,420,2,25
5986,260,1,29
5987,180,3,29
5988,240,3,57
5989,60,1,50
3647,120,1,41
5990,60,0,15
5991,740,3,30
5992,0,98,49
5993,0,0,0
5999,100,1,20
10345,520,5,16
10344,580,5,13
10343,40,0,6
10342,440,3,24
10340,200,0,8
10486,120,2,6
10341,220,1,25
10348,340,5,23
10480,180,2,16
10481,499,7,26
10483,180,3,12
10482,440,6,35
10485,220,6,23
10484,60,0,11
10695,20,0,5
10697,0,0,2
10699,160,2,20
10703,80,1,12
10708,20,0,3
10711,60,1,8
10720,0,0,0
10719,80,2,21
10714,40,1,13
10713,40,1,8
10712,100,2,11
10709,80,2,5
10706,140,5,8
10704,0,98,48
10700,120,0,13
10698,160,2,33
10696,140,2,8
10723,40,0,1
5994,40,31,28
5995,40,31,33
5996,120,71,41
5997,60,50,35
5998,200,44,44
6000,120,16,35
6001,20,91,40
6003,40,15,21
6004,280,7,38
6005,120,14,34
6006,60,0,26
6007,20,5,22
6009,499,3,29
6010,480,1,18
6011,760,3,27
6012,720,2,19
6013,800,4,35
6014,920,5,28
6015,780,5,29
6016,800,5,43
6017,720,4,35
6018,960,5,38
6019,1240,4,32
6020,1580,5,39
6021,520,1,29
6022,1420,13,50
6023,600,3,35
6024,960,9,40
6025,800,5,71
3791,940,5,35
6026,480,4,29
6027,380,6,25
6028,380,5,19
6029,220,5,32
6030,400,2,24
6031,460,7,47
6032,600,37,36
6033,660,3,32
6034,320,2,25
6035,240,1,28
6036,0,0,0
6037,80,0,15
10112,760,4,23
6038,380,3,24
6039,780,6,18
6040,580,4,21
6041,940,3,24
6042,460,3,20
6043,720,53,59
10110,760,2,24
6044,480,2,26
6045,600,2,35
10111,260,3,32
10113,960,3,27
10115,480,2,34
10116,800,4,35
10114,140,2,31
10117,880,6,32
10118,340,3,22
10120,640,3,30
10119,520,13,27
10125,120,1,23
10124,140,2,19
10122,1120,9,37
10123,0,100,48
10121,320,3,43
10126,520,2,28
10129,499,3,32
10438,400,2,16
10128,740,3,36
10127,860,5,39
10168,700,4,25
10298,620,2,28
10440,400,10,33
10439,40,0,9
10437,780,5,26
10436,540,3,30
10435,499,3,26
10737,140,3,12
10738,180,2,16
10824,320,5,21
10825,160,3,19
10826,100,1,13
10827,340,7,43
10828,200,4,30
10829,360,4,33
10830,80,0,15
10831,40,1,22
10832,20,3,5
10839,260,7,14
10840,999,8,25
11060,180,2,23
11061,100,1,13
11062,80,1,20
11063,240,5,22
6048,0,0,9
6050,120,14,34
6051,0,100,48
6052,120,32,31
6053,220,37,58
6054,0,100,48
6055,200,57,55
6056,160,5,33
6057,100,4,36
6059,120,53,37
6061,120,0,19
6062,620,3,33
6063,499,2,32
6064,700,6,22
6065,740,3,29
6066,580,4,26
6067,600,2,22
6068,660,4,32
6069,340,1,13
6070,660,2,20
6071,700,3,39
6072,760,3,43
6073,40,0,6
6074,180,1,23
6075,140,4,23
6076,40,41,29
6077,140,1,20
6078,120,0,16
6079,80,2,17
6080,260,1,20
6081,120,0,21
6082,340,1,21
6083,340,6,31
6084,220,6,19
6085,260,2,29
6086,100,0,23
6087,240,1,17
6088,120,3,24
6089,60,1,14
6090,160,1,26
6091,1600,14,38
6092,1520,5,30
6093,1220,8,37
6094,940,3,22
6095,1080,14,35
6096,1200,5,30
6097,720,6,32
3831,340,11,51
6098,300,7,39
6099,120,4,30
6100,620,4,24
10167,180,3,41
6101,60,0,16
6102,100,0,17
6103,220,3,26
10109,1440,9,54
6111,180,2,5
3777,20,0,22
10743,20,0,8
10746,40,0,2
10747,160,1,25
10742,20,0,9
10739,60,0,13
10740,40,0,5
11136,160,2,10
6104,80,38,29
6105,440,76,68
6106,0,0,5
6107,20,0,2
3430,0,98,48
6109,60,39,32
3778,80,42,24
6110,0,0,0
6112,40,17,14
9984,380,7,39
10009,499,27,27
10010,60,0,11
9857,40,0,20
6113,640,5,39
6114,300,1,20
6115,420,1,32
6116,400,3,27
6117,560,3,37
6118,140,3,25
6119,320,8,39
6123,300,1,23
6121,140,2,17
6122,100,0,34
6455,320,3,14
6433,640,8,37
6124,180,3,25
6125,120,1,25
6456,1300,7,24
6454,200,0,9
6453,320,5,29
6457,300,2,43
6439,400,6,20
6463,40,0,17
6120,420,3,37
10750,60,1,15
10807,60,1,19
10808,80,1,12
10889,320,7,17
10890,380,6,14
11008,160,1,14
11014,120,2,10
11107,320,22,25
11106,340,2,7
11108,240,1,3
11111,260,1,4
11110,220,2,5
11109,300,2,7
11185,300,1,22
11183,140,2,6
11184,340,6,15
6126,100,15,43
6127,340,38,51
6128,40,0,22
3781,60,33,20
6129,200,65,36
6130,420,65,46
6131,200,65,38
6132,120,33,28
6465,240,56,60
6466,160,54,56
9927,720,1,17
9921,480,1,17
9945,420,1,44
9946,300,2,27
9948,400,1,31
9947,320,1,25
9951,600,2,15
9950,300,0,17
9953,820,3,82
9954,20,0,11
9955,499,1,20
6908,220,0,8
9949,240,1,10
10749,80,1,32
10751,20,1,14
6133,480,2,24
6134,840,5,33
10306,440,3,20
6136,800,4,24
6137,520,3,25
3487,700,6,37
6138,320,2,25
6139,499,3,33
6140,340,2,24
6141,499,5,33
6142,600,4,33
6143,440,2,23
6144,340,5,49
6185,40,0,9
6146,220,0,9
6147,180,3,47
10302,560,4,25
6148,160,3,20
6149,400,1,15
6150,340,1,12
10300,140,3,18
6152,120,2,18
6153,200,6,23
6154,200,2,27
6155,280,3,27
6156,340,7,46
6157,220,0,14
6158,180,1,17
6159,80,0,11
3648,220,2,8
6160,60,1,6
6161,120,3,10
3649,300,10,54
6162,160,3,36
6163,120,2,39
6164,220,17,45
6165,260,4,37
10301,100,4,21
6166,20,0,4
10308,860,7,31
6167,160,3,35
6168,360,2,26
6169,60,0,26
6170,320,2,31
6171,600,7,27
6172,180,5,23
6173,320,4,15
6174,280,2,15
6175,160,0,5
6176,40,0,1
6177,160,0,5
6178,240,1,5
10307,40,0,5
10303,420,2,20
10305,640,4,26
10304,440,1,19
6135,800,4,29
10299,200,3,17
6151,180,5,24
10455,320,3,17
10447,600,5,17
10453,640,5,18
10454,400,3,10
10448,320,1,10
10452,480,2,15
10451,340,2,9
10450,560,4,16
10449,340,2,9
10445,460,3,11
10446,180,3,9
6179,80,31,21
6180,60,22,26
6182,40,38,9
6183,0,0,2
6184,0,0,20
6186,60,65,73
6187,0,0,0
6189,0,0,5
6190,20,18,17
6192,240,65,48
3752,560,4,29
6194,780,5,25
6195,320,4,29
6196,560,5,33
6197,760,6,32
6198,420,4,13
6199,480,9,27
6200,140,2,22
6201,220,3,31
6202,80,2,19
6203,300,7,65
3695,180,4,25
3696,80,0,6
6204,160,1,14
6205,220,2,20
3782,260,2,20
3783,640,4,39
6206,640,5,19
6207,480,3,25
6208,560,4,21
6209,740,7,57
6210,680,4,38
6211,100,1,19
6212,499,5,20
6923,100,43,19
6213,100,2,26
6930,160,2,32
10943,100,2,26
6218,480,3,16
6922,340,9,39
6219,100,58,20
6220,140,63,40
6221,320,1,33
6222,480,2,31
6223,520,2,39
6224,240,0,22
6225,260,1,28
6226,260,0,25
6227,260,0,28
6228,200,1,25
6229,280,1,34
6230,520,2,30
6231,740,13,30
6232,640,3,32
6233,600,7,35
6234,1660,7,43
6235,820,12,24
6236,1180,5,30
6237,660,2,21
3508,840,2,26
10131,360,5,20
10132,480,10,29
6238,320,3,40
6239,400,7,42
6240,580,7,66
6241,220,0,19
6242,420,9,50
6243,160,2,21
6244,540,7,66
6245,340,3,36
6246,420,1,28
11009,140,2,17
3656,80,0,9
3657,420,5,33
6248,140,3,34
6249,499,11,59
6250,80,0,16
3658,1240,12,39
11010,80,7,14
6252,260,9,15
6253,380,3,40
6254,440,4,52
6255,520,28,64
3784,680,9,56
3785,240,22,31
6256,360,5,39
6257,300,8,29
6258,380,6,45
6259,480,10,44
6260,560,43,61
6261,380,3,36
6262,120,3,21
6263,220,3,32
6264,260,4,37
6272,0,98,48
6265,700,2,25
6266,340,3,17
6267,1240,9,31
6268,940,10,26
6940,1200,4,40
6269,120,2,10
6270,860,10,50
6925,420,3,37
6924,520,5,55
6926,280,1,19
6998,580,6,15
6999,20,0,4
10138,360,1,21
10140,620,4,30
10144,120,1,11
10142,499,3,23
10143,80,0,5
10141,80,1,9
10139,760,5,34
10151,640,5,27
10152,260,53,24
10148,1060,16,34
10150,140,3,18
10147,860,9,20
10149,360,37,27
6274,220,6,11
10169,380,5,48
10347,460,7,38
6271,7759,31,100
10752,120,1,21
10346,60,0,21
10754,40,1,11
10756,100,2,17
10755,60,0,3
10757,100,10,12
10679,520,20,48
10681,1080,4,27
10997,60,0,12
10998,200,3,22
10999,180,2,18
11000,40,0,3
11001,80,0,14
11002,60,1,8
11003,40,0,11
11004,20,1,3
11011,780,8,66
11012,120,0,10
11013,40,0,6
11064,160,2,18
11065,140,3,22
11067,200,5,26
11066,20,0,10
11068,200,2,19
11069,0,0,5
11128,320,1,13
11129,480,2,12
11130,140,1,9
11131,160,1,7
11132,60,0,7
11133,160,0,4
11134,220,1,5
11135,200,1,9
11138,220,1,7
11137,220,1,7
10869,40,11,5
6273,0,0,1
10758,220,49,43
6275,20,1,24
6276,80,46,38
6277,120,33,27
6278,80,2,16
6279,220,49,52
6280,0,0,10
6281,80,24,17
6282,20,0,7
6283,260,78,60
6284,260,15,31
10146,840,5,29
6286,0,0,0
3659,480,20,38
6287,360,3,28
6288,180,1,24
6289,120,0,20
3660,0,100,48
6290,60,1,21
6291,60,0,25
9845,400,10,33
10759,120,1,13
6293,180,3,30
6294,160,0,21
6295,240,1,22
6296,300,1,17
6297,760,3,31
6298,1040,5,28
6299,660,2,32
6300,240,0,17
6301,260,0,16
9846,999,5,79
6302,700,1,20
6303,600,6,41
6304,580,3,20
6331,360,6,39
6305,0,98,48
6306,400,14,49
6307,160,4,53
6308,80,1,23
6309,480,6,39
6310,540,13,22
6311,640,5,35
6312,200,0,12
6313,360,1,37
6314,60,0,16
6315,420,3,33
6316,0,100,48
6317,200,10,25
6318,320,6,35
6319,100,0,16
6320,360,6,21
6321,560,15,42
6322,160,2,30
6323,360,1,29
6324,300,5,20
9844,120,1,22
10741,160,5,13
10744,40,0,9
10745,40,0,7
10843,640,3,11
10651,80,0,31
10844,540,2,10
10845,320,1,10
10753,80,1,10
6292,80,1,9
10846,640,3,13
10847,499,4,14
11019,820,5,21
11020,740,2,12
11056,560,2,13
11055,400,2,10
11057,320,1,7
11058,540,3,12
6325,20,7,17
6327,20,0,16
6329,120,36,30
6330,140,37,67
6332,320,1,16
6333,340,2,25
6334,320,1,31
6335,420,3,39
6336,620,7,43
6337,620,5,29
6338,460,4,22
6339,600,3,34
6340,340,2,27
6341,340,25,33
6342,140,0,18
6927,260,1,16
9993,140,3,28
3832,700,5,36
6345,100,3,18
10540,560,6,19
9838,200,7,24
9839,180,8,32
6928,499,3,18
6929,340,3,23
9969,160,4,29
6347,20,0,16
6348,200,23,48
6349,140,30,33
6350,60,3,27
6351,280,52,69
6352,80,2,14
6353,140,32,22
10001,120,24,27
10002,160,2,36
9994,180,2,23
10145,80,1,16
6344,499,1,18
6346,180,1,21
9854,120,5,7
9855,180,2,7
6969,80,16,10
6355,540,4,28
6356,300,2,21
6357,180,5,28
6358,220,6,21
6359,180,2,15
6360,300,1,13
6361,140,2,31
6362,60,1,13
6363,40,1,11
6364,140,3,17
6365,100,2,12
6366,180,2,20
6367,120,3,12
6368,200,3,31
6369,420,5,28
6370,40,0,17
6378,320,1,7
6372,320,2,28
6373,180,3,23
6374,180,3,14
6375,240,4,29
3786,380,6,26
6376,680,10,46
6377,540,5,30
6371,920,6,43
6379,300,2,28
6381,460,4,32
6382,620,4,28
6383,420,3,27
3792,160,2,17
3793,220,4,25
6384,120,2,15
6385,260,3,27
6386,220,2,21
6967,160,6,26
10834,40,2,2
10835,100,1,19
10833,100,0,18
10836,160,1,15
6387,60,46,16
10748,20,31,34
6388,520,4,21
6389,540,3,20
6390,520,2,17
6391,680,5,28
6392,680,5,21
6393,460,3,25
6394,280,0,14
6395,499,3,23
6396,1040,9,56
6397,1280,24,48
6398,380,1,17
6399,400,3,18
6400,620,4,19
6401,400,1,18
6402,360,37,26
6502,0,100,49
11016,700,6,21
6403,140,3,14
6404,680,2,19
6405,740,6,35
6406,120,1,21
6407,200,3,25
6408,540,6,24
6409,100,1,9
6410,1360,4,36
6411,920,6,33
10728,40,0,15
3431,40,0,4
3529,1080,9,59
6413,180,2,51
6414,120,1,40
6415,460,4,58
9865,300,2,6
3661,320,58,57
11015,140,3,6
10730,100,1,10
10727,80,2,12
10620,0,100,49
10624,140,0,4
10623,140,0,3
10622,0,0,5
10621,0,100,49
11017,80,1,28
11018,1140,8,42
11302,260,23,22
11303,360,1,12
11304,620,3,14
11306,60,1,5
11305,1340,9,27
11307,280,2,6
11308,20,0,2
11309,440,8,100
11310,20,1,1
11311,40,0,2
11312,440,3,12
11316,0,0,1
11317,720,4,17
11315,380,1,9
11318,360,2,9
11319,140,0,6
6416,0,99,48
6417,240,34,39
6418,140,40,44
6419,40,27,25
6495,1400,4,36
6420,1680,5,28
6421,1140,6,35
6422,460,2,14
6423,700,15,33
6424,620,3,32
6425,940,5,22
6426,740,6,41
6427,660,3,34
6428,560,3,35
3804,560,4,27
3805,620,2,29
6429,420,2,23
6430,420,2,21
6431,520,3,21
6432,380,2,15
6497,860,2,18
6496,1700,6,36
6434,300,3,29
6435,360,1,37
3812,440,2,33
6436,420,2,24
6437,400,1,36
6438,520,3,36
6499,920,5,55
6498,180,5,41
3810,160,1,39
3811,1180,15,47
6440,260,4,37
6441,200,16,32
6442,240,4,36
6443,280,6,51
6444,640,48,50
6445,520,7,37
6446,180,2,31
6447,820,3,33
6448,180,0,28
6449,560,3,32
6450,320,4,42
6451,280,2,9
6452,240,3,61
10352,720,3,15
10350,120,1,4
10349,220,3,14
10353,400,6,19
10351,300,3,18
10354,220,3,17
10355,640,4,17
6458,120,2,14
10928,320,4,22
3833,1040,14,37
6459,100,1,22
6460,40,0,12
10357,460,3,10
10356,620,4,19
6461,620,3,21
6462,540,17,36
10671,100,2,6
10672,40,0,2
10669,440,3,10
10670,100,2,7
10673,460,1,5
10674,340,0,4
10675,360,1,5
10677,140,2,7
10676,100,1,4
6464,80,25,29
6467,0,0,1
3557,880,5,25
6468,680,3,16
6469,240,1,19
6470,80,0,13
6471,20,0,24
6472,160,2,23
6473,140,1,31
6474,260,1,20
6475,100,0,22
6476,120,2,48
6477,160,1,15
6478,240,1,17
6479,140,0,16
6480,80,1,17
6481,280,1,39
6482,800,9,19
3760,1660,8,32
6500,780,5,39
6501,220,6,27
10238,900,5,19
10241,600,2,10
10240,40,0,0
10239,0,0,0
10243,200,1,9
10244,780,5,22
10245,40,0,2
10246,0,0,2
10260,760,4,19
10781,120,2,48
10625,40,0,2
10627,140,1,4
10632,120,0,3
10635,120,0,4
10636,220,1,8
10631,260,1,7
10628,320,2,9
10626,220,2,4
10629,200,2,5
10630,0,0,0
10633,0,0,0
10634,20,0,3
10729,20,0,3
10960,0,0,3
10959,20,0,5
10958,20,1,3
11142,100,2,6
11143,220,1,6
11257,240,1,8
11260,240,3,15
11259,280,5,14
11258,60,0,1
11266,0,0,0
11267,80,1,3
11268,200,1,5
11270,280,5,17
11269,20,1,1
11289,420,2,8
11290,40,0,4
11291,260,5,13
11292,20,0,13
11293,200,3,24
11286,420,8,19
11287,240,6,7
11288,280,6,16
11285,40,0,2
11295,300,1,6
11297,100,17,11
11296,220,1,5
11298,20,0,1
11300,140,4,7
11299,0,0,0
10242,100,34,14
10400,420,18,26
6214,800,8,44
6215,780,15,46
6216,480,8,48
6217,580,4,24
3808,340,6,27
3809,480,3,15
6984,260,0,20
6986,280,0,25
6985,260,0,18
6990,80,0,11
6989,440,3,16
6988,320,0,24
6987,360,1,19
6483,680,4,31
6484,60,20,27
6485,240,0,20
6486,280,4,30
6487,120,2,7
6488,440,6,51
6489,280,4,26
6490,100,43,33
10780,60,1,6
10779,0,0,3
10892,499,2,16
10891,380,2,13
10893,460,4,14
10894,40,1,3
10895,400,4,24
10896,60,0,3
10897,200,0,13
10898,40,1,2
10899,300,4,23
10903,300,3,5
10908,640,31,24
10904,280,1,6
10907,20,51,11
10910,260,2,13
10909,40,0,1
10914,180,1,10
10912,540,10,20
10913,40,0,0
10911,0,0,0
10916,380,5,12
10915,60,0,4
10917,180,3,10
10919,220,6,11
10918,100,0,4
10920,140,3,8
10933,420,5,18
10936,320,3,18
10938,300,3,16
10939,120,1,6
10934,20,0,2
10935,0,0,1
10937,20,0,1
9982,240,43,39
9983,960,12,56
10163,400,5,61
10164,360,6,22
10162,240,3,37
10778,20,12,4
10776,140,1,13
10775,80,1,7
6491,240,0,24
6492,180,1,25
6493,60,1,32
6494,280,8,38
11166,360,2,28
11154,320,1,26
11153,180,1,17
11155,340,3,37
11144,120,0,12
11146,120,0,7
11149,340,2,17
11188,280,1,19
11191,240,0,18
11192,200,1,19
11194,40,0,9
11199,60,0,9
11200,80,0,17
11202,60,0,13
11201,400,1,18
11195,0,0,5
11196,180,1,20
11193,20,0,2
11190,0,0,2
11189,320,2,15
11150,240,1,9
11148,300,1,12
11147,300,1,8
11145,220,1,8
11140,320,3,16
11139,560,4,20
11281,900,3,28
11280,0,0,9
11141,560,1,20
11158,300,41,34
11186,200,3,33
11187,260,1,25
11197,140,1,12
11198,160,1,19
11203,0,0,0
11169,20,18,9
11170,0,98,48
6626,0,0,17
11105,0,0,0
11167,20,1,41
11168,0,0,30
11156,20,2,23
11171,40,6,32
11157,20,1,10
11275,0,0,11
11271,0,0,32
11272,0,13,25
11273,0,0,15
11274,40,10,50
3664,740,6,28
3665,660,3,25
6508,280,3,33
3709,540,4,31
3710,680,4,35
3679,720,7,35
6509,560,4,36
6510,880,7,28
6511,540,3,26
6512,700,8,30
3666,340,1,15
6513,120,2,10
6514,560,3,23
6515,840,16,25
6516,140,0,5
6517,0,98,48
6518,40,0,8
6519,140,1,15
3711,120,1,6
6520,180,0,5
3698,220,0,9
6521,320,2,20
6522,240,0,7
6523,200,1,14
6524,140,0,7
6525,80,1,5
6526,220,2,32
6527,120,1,12
6528,180,2,19
6529,220,3,21
6530,160,2,17
6531,200,3,36
6532,160,2,21
6533,280,1,15
6534,240,6,44
6535,360,5,30
6536,760,8,35
6503,540,4,28
10472,200,3,31
10561,0,100,48
10249,720,8,17
10248,740,35,20
10247,60,0,3
10479,220,2,19
10476,499,3,23
10475,220,0,9
10477,60,62,26
10473,200,3,24
10474,140,2,26
10478,100,1,15
10538,499,3,30
10539,520,4,33
10541,460,1,12
10543,0,100,48
10544,680,1,19
10542,560,2,23
10546,880,18,32
10545,780,3,28
10547,800,7,27
10548,840,4,24
10549,180,3,20
10551,80,0,14
6537,180,51,36
6538,60,23,21
6539,0,0,0
6540,260,73,45
11222,160,0,22
11224,240,1,15
11226,120,1,13
11230,120,0,17
11237,100,0,16
11241,60,0,10
11246,80,0,10
11247,0,0,4
11253,0,0,3
11255,240,2,15
11254,140,1,21
11252,80,0,8
11245,20,0,3
11240,40,0,9
11236,60,0,13
11231,260,1,24
11229,460,2,27
11225,540,3,20
11223,360,1,21
11219,220,0,17
11218,240,1,15
11220,140,1,19
11221,60,0,10
11227,140,42,42
11228,180,1,20
11234,20,0,13
11232,20,0,16
11233,200,0,21
11239,100,1,17
11238,100,0,9
11244,160,1,24
11242,140,1,12
11250,20,0,1
11251,60,1,8
11248,20,1,7
11249,40,0,4
11256,260,1,17
11213,0,0,1
11214,20,0,23
11216,0,0,0
11215,0,0,7
11217,0,0,0
11235,20,15,22
11276,0,0,3
11277,0,0,0
11279,0,0,0
11278,0,0,13
6548,420,9,42
6549,320,6,32
6550,600,27,80
6551,260,4,36
6552,220,5,36
6553,560,20,62
3681,440,32,54
6554,360,39,53
6555,160,3,31
3806,380,18,35
6556,220,3,25
6557,360,6,65
6558,960,37,52
9957,380,51,45
9958,180,2,25
9956,300,6,52
6601,780,2,23
6602,160,0,15
6603,780,4,21
6604,420,1,8
6605,300,1,17
6606,220,1,15
3432,499,6,28
11165,180,0,8
3519,280,1,20
3520,340,1,34
6608,80,0,24
6609,240,7,30
10094,1260,8,35
6611,660,12,37
6612,800,30,44
3457,1920,35,50
6613,540,16,42
6614,760,12,52
6615,680,17,27
6616,1620,18,53
6617,1140,10,39
3458,820,36,51
3459,300,2,28
6618,700,10,28
3796,1080,4,43
6619,1360,12,38
6620,580,4,24
6621,499,7,41
6622,180,2,17
6623,1060,6,60
6624,140,0,18
6625,360,7,40
10460,499,2,28
10462,120,1,8
10461,180,0,14
9875,880,9,22
10456,540,1,13
10457,460,2,27
10459,300,3,24
10458,440,1,12
10862,2480,27,31
11125,0,0,2
11126,0,0,0
11127,0,0,0
6592,540,1,14
6921,1080,5,35
3699,460,2,14
6920,1180,6,36
6593,620,7,41
11160,140,1,44
6610,320,1,17
6826,499,7,32
6607,400,3,28
10769,0,0,0
10773,0,0,1
10772,20,0,3
10771,60,0,8
10770,300,32,38
11151,499,3,14
11152,320,1,22
6627,80,32,29
6628,20,0,11
6629,20,0,9
6630,60,36,20
11164,20,48,20
11163,0,0,11
11162,0,0,7
11161,0,0,7
11159,0,0,4
9866,440,0,6
9867,520,18,25
9868,220,1,10
9869,240,1,22
9871,120,0,13
9870,40,0,4
9872,0,0,1
10411,900,8,24
9876,100,1,17
9877,100,0,5
9874,380,0,12
10764,40,0,6
10765,80,1,42
10763,160,0,23
5199,460,8,59
10782,480,27,33
5201,420,29,59
10783,400,12,16
10785,200,2,11
5206,220,10,39
5207,160,2,34
5208,80,2,27
10787,0,100,48
10784,60,1,4
10786,120,2,5
5212,580,53,60
5213,240,6,37
5214,100,7,37
5215,280,2,26
5228,220,3,45
5230,320,28,46
5644,499,3,36
10156,0,100,48
5200,160,34,60
5229,40,1,14
5222,0,0,0
5216,60,55,51
5226,0,0,0
5224,0,0,0
5221,420,53,69
5202,220,30,53
5205,20,0,10
5209,60,30,24
3772,100,33,31
5210,300,61,51
5211,60,1,39
5231,340,5,79
3482,140,0,16
5232,620,5,38
5233,600,4,44
5234,80,1,22
9837,380,3,35
9834,620,4,61
10157,520,4,42
10158,840,24,47
5862,680,22,39
5861,120,36,68
10159,840,11,39
10160,740,5,29
5845,1200,11,40
10161,960,10,40
5843,780,6,38
5851,360,5,22
5235,800,4,48
6506,460,2,48
10980,600,2,14
6505,520,4,14
9836,240,30,48
9835,40,60,27
5866,0,100,48
6507,360,1,30
5357,300,3,47
5358,40,0,7
5359,200,1,31
5360,180,1,32
5361,160,0,33
5362,220,2,28
5363,940,7,49
5364,220,1,33
5365,400,24,57
5366,260,2,16
5367,140,0,23
11090,160,0,7
11091,320,0,13
9864,40,0,7
11124,240,1,21
11123,140,0,26
5373,140,0,40
5374,0,100,48
5375,220,0,30
5376,0,100,48
5377,140,0,23
5378,160,1,17
5379,280,1,44
5380,120,0,26
5381,520,16,60
5382,0,98,48
5383,560,3,46
5384,800,32,50
10788,80,0,9
10790,20,0,7
10789,80,1,17
10791,140,0,12
5368,220,2,15
5369,420,1,20
10762,0,100,48
10761,100,3,14
11092,580,0,22
11093,620,1,29
11120,300,1,34
11121,420,1,26
11119,300,2,46
11122,240,1,19
3840,140,1,17
3841,480,4,23
3842,1020,7,48
3843,1600,7,31
3844,2120,8,41
3845,1280,6,31
3846,1780,9,81
3847,420,2,66
3848,1340,8,49
3850,1440,7,43
7029,1620,27,40
10034,200,3,30
3851,840,2,35
10036,40,0,16
3562,1040,3,30
3854,340,11,62
3852,1540,6,28
7026,1480,28,48
7011,760,22,52
7030,920,20,60
7032,660,19,53
3891,260,1,14
3892,660,5,43
3893,760,6,55
3894,240,1,16
5072,540,2,26
5073,540,3,27
5074,860,8,38
3895,440,2,32
3896,120,2,21
3897,660,27,97
3898,280,1,16
3899,1380,6,42
3900,140,2,18
3901,300,2,26
3902,1020,42,52
3903,40,3,30
3905,520,2,31
3906,360,2,25
3433,320,1,16
3907,140,1,25
3908,120,2,17
10810,80,1,13
11112,520,2,26
11113,540,2,33
11114,580,36,49
11089,560,2,42
11115,560,3,24
11118,640,5,23
11117,400,4,19
11116,100,3,14
7036,80,1,17
9841,680,4,21
9843,560,3,32
9842,180,3,26
11243,120,0,9
3909,900,5,35
3910,560,4,21
3911,1160,8,39
3460,420,3,28
3461,800,7,36
3912,920,4,26
3913,560,3,28
3914,900,6,31
3915,800,5,30
3916,840,5,32
3917,380,2,20
3918,400,3,22
3919,1160,6,33
3920,360,6,31
3921,1020,4,23
3922,560,5,12
3923,700,2,30
3924,800,5,29
3925,220,0,14
3926,340,2,18
3927,580,3,32
3928,0,100,48
3604,0,100,48
3605,40,1,6
10078,180,4,8
10076,640,3,14
10079,60,0,3
3606,420,3,28
3930,1100,5,25
3931,499,2,22
3932,1980,6,42
3933,140,0,17
3934,760,5,39
3935,520,13,23
3936,1100,4,34
3937,1360,6,48
3938,1440,7,46
3939,1900,9,54
3940,1560,8,55
3941,580,1,24
3942,340,3,31
3943,880,7,49
3944,1400,6,40
3945,180,5,39
3946,1480,8,63
3798,1939,8,58
3697,1660,7,42
3947,1360,5,39
3948,380,3,16
3578,1460,7,52
4223,840,2,43
10048,580,3,25
10049,80,1,2
10050,240,1,9
10812,460,8,66
10018,1340,4,36
3950,740,5,42
9894,600,8,38
3952,980,3,17
3953,320,3,34
3954,660,2,28
10606,0,0,1
4224,800,5,40
4225,280,1,27
3956,980,6,37
9893,1700,6,24
3958,840,6,44
3757,1760,13,48
3959,1500,7,33
3960,1460,7,43
3720,1380,3,27
9890,1600,3,32
3961,440,3,24
3497,360,3,21
3434,740,6,53
3435,820,4,29
3962,499,5,34
3963,940,8,38
3964,2340,11,55
3965,1780,8,46
3966,260,5,11
3967,920,4,45
3968,0,0,0
3969,0,0,0
3970,940,5,29
3971,620,5,60
3972,240,4,38
3973,760,2,22
3974,700,5,33
3975,740,5,29
3976,1380,7,35
3977,1060,3,20
3978,520,3,33
3979,220,4,38
3980,160,2,32
3981,100,3,27
3982,999,22,72
4014,180,9,51
9892,2360,10,39
3949,1600,6,40
3951,1480,7,31
10607,40,0,5
3957,1260,4,23
9895,1280,8,30
10685,400,3,12
3992,800,4,28
3993,1160,21,39
3994,240,2,23
3995,1360,4,31
3607,1140,3,28
3608,440,3,25
3996,200,5,29
3579,80,0,14
3997,300,2,20
3612,180,2,27
3613,260,1,15
3998,60,0,16
3999,100,1,11
4000,280,5,42
4001,260,3,17
10013,240,56,31
10192,300,5,47
10193,160,1,31
4002,360,1,24
4003,940,8,58
4004,380,2,36
4005,240,2,15
4006,240,1,26
5081,860,5,40
4008,840,5,46
4009,680,4,31
4010,1040,7,53
4011,520,4,26
4012,420,7,54
4013,320,1,25
7037,1160,6,46
4015,360,5,37
5082,580,3,41
4016,140,2,32
4017,260,3,22
10098,780,4,19
10099,40,1,2
10100,340,8,18
10101,20,0,6
10102,80,8,7
10170,300,2,37
4018,900,3,44
4019,940,3,36
7109,1500,14,39
3753,760,4,20
4021,560,2,21
4022,400,3,45
4023,460,4,46
4024,240,3,27
4025,1840,9,46
4026,980,7,49
4027,340,2,24
4028,980,7,44
4029,660,4,31
4030,60,0,25
4031,1100,7,42
4032,620,53,43
4033,420,10,33
4034,620,3,45
4035,720,6,35
3616,360,3,25
4036,1120,8,55
4037,520,2,21
7038,1200,5,37
4039,420,2,33
4040,180,1,24
4041,360,2,40
4042,260,3,19
4043,300,1,17
4044,580,7,36
4045,980,8,54
4046,60,48,38
4047,200,28,40
4048,1520,9,43
9888,520,4,30
10103,180,50,30
4052,840,5,42
4053,940,5,42
4054,440,2,14
4055,960,24,40
4057,340,11,70
4058,100,2,37
10093,220,5,24
4060,640,3,43
4061,700,4,48
4062,400,2,18
3462,400,2,29
4064,260,3,37
3609,800,7,38
3610,220,3,55
4066,580,4,25
4067,180,3,14
4068,880,4,35
4070,340,61,62
4071,480,3,31
4073,80,71,53
4074,80,25,47
4075,720,17,44
4076,720,12,29
4077,180,50,51
3764,160,4,21
10080,440,2,14
10081,120,3,21
10082,1180,8,33
10083,160,2,23
10085,200,5,27
10084,140,4,20
4379,440,5,35
4380,560,6,41
4381,260,2,26
4382,480,3,33
4383,1540,7,45
4384,800,37,84
4385,560,4,26
4386,1200,7,38
4400,1140,8,45
4387,200,5,18
4388,1280,43,80
4389,880,6,32
3807,1180,12,34
7067,1280,8,52
4390,380,3,27
4391,900,7,37
3619,380,8,43
4392,360,3,23
3620,560,12,61
4393,340,5,49
4394,40,37,54
4395,400,7,62
5130,1140,7,46
4402,260,8,28
10217,720,13,80
10258,400,8,21
10259,260,3,22
10498,400,8,19
10499,20,0,3
4397,1080,22,46
4398,960,15,50
4403,200,17,43
4404,540,2,26
4405,480,4,36
4406,100,1,19
4407,60,63,30
4408,300,2,16
4409,760,3,28
4410,280,5,34
4411,300,2,18
4412,240,6,47
4413,900,5,39
4414,380,3,32
4434,600,3,26
4416,20,0,7
4417,960,6,33
3748,700,6,35
4418,540,5,26
4419,4740,8,54
4421,1980,8,42
3693,860,3,32
3694,280,60,63
4422,280,7,20
10023,80,2,26
4424,440,4,32
4425,220,4,28
9977,2400,7,21
4423,100,1,13
10022,280,6,27
10057,220,3,22
10066,240,6,31
10603,300,4,22
10602,220,6,28
10604,200,3,32
10605,180,5,26
4426,280,1,24
4427,700,5,30
4428,640,3,27
4429,940,7,44
4430,580,3,25
4431,540,3,24
4432,400,6,37
3407,420,5,30
4433,1960,9,43
4415,440,2,16
3622,1900,6,39
4436,480,1,19
4437,2640,11,59
4438,1020,8,48
4439,1060,5,35
4440,980,4,39
4441,2120,9,43
4442,2080,10,40
4443,840,3,32
4444,2540,10,44
4445,180,62,67
4446,820,6,43
4447,720,6,33
4448,499,3,36
4449,420,3,23
4450,640,5,27
3674,640,3,31
4451,60,50,34
4452,600,3,34
4453,920,11,42
7071,1740,11,63
4464,960,38,50
4454,999,4,33
4455,740,5,49
4456,780,5,46
4457,180,3,51
4458,1920,9,60
4459,580,4,22
4460,1460,4,44
4461,940,3,29
4462,1340,3,35
4465,1060,25,60
4466,540,16,46
4467,360,21,36
4468,260,17,34
4469,940,4,29
5422,360,2,36
5423,1440,5,27
5424,1580,4,36
5425,1740,5,37
5426,1900,5,45
5427,1740,4,47
5428,1620,5,41
5429,2580,13,49
5431,680,4,35
5432,760,3,26
5433,180,2,17
5438,480,6,50
5439,60,81,45
5440,240,66,45
5441,200,15,47
5442,40,0,13
5443,440,65,36
5444,120,23,44
10031,60,1,17
10463,1680,4,37
3421,820,4,33
7017,980,5,33
3423,660,4,17
5451,1300,2,31
5452,1420,4,30
5453,1320,3,31
5454,1540,6,34
5455,1360,3,21
5456,840,2,18
5457,1720,5,25
5458,1040,3,20
5459,1520,5,32
5460,1540,5,31
5461,520,35,24
5462,1460,5,32
5463,1440,4,35
5464,1580,6,36
5465,560,1,20
5466,120,18,14
5467,80,3,10
5468,1360,5,32
5469,1080,5,16
11094,100,1,7
5470,980,6,23
5471,0,0,0
5472,840,9,27
5473,540,8,38
5474,1040,4,21
5475,1120,6,33
5476,1420,7,26
5477,1300,4,20
5478,840,4,21
5479,900,3,19
5480,160,2,9
5481,260,6,16
5482,160,1,6
5483,200,2,18
5484,640,2,12
5485,800,6,23
5486,380,2,11
5487,160,2,8
5488,240,1,6
5489,540,4,15
5490,499,3,18
5491,60,0,6
5492,780,5,22
5493,720,4,21
5494,20,0,1
3743,160,22,16
11082,140,2,10
5495,120,3,9
5496,200,3,16
5497,300,3,8
5498,200,34,19
5499,100,1,6
5500,760,5,22
5501,0,0,0
5502,540,4,17
5503,560,5,16
5504,300,1,12
11079,0,0,0
5508,380,2,17
5509,420,2,19
5680,100,1,28
5510,260,1,10
5511,540,5,13
11083,280,1,6
5512,2100,8,49
5513,1020,6,28
11085,280,1,10
3449,380,1,17
7082,40,40,10
7080,0,0,0
7085,60,32,15
10469,20,16,5
5515,760,5,35
5516,1300,26,53
5517,1320,6,36
5518,660,22,50
5519,1180,4,20
5520,320,0,7
5521,440,1,11
5522,300,1,11
5523,380,39,45
5524,520,9,28
5525,700,5,26
5526,540,8,31
5527,360,3,19
5528,60,0,28
5529,160,7,13
5530,140,1,8
5531,140,0,7
5532,520,3,19
5533,960,7,31
5534,260,6,16
3486,260,4,17
5535,160,2,12
5536,260,2,15
5537,180,1,13
5538,100,0,7
3518,140,2,10
5539,160,3,7
5540,640,5,22
5541,920,8,26
5542,700,3,17
5543,920,6,26
5544,760,3,21
5545,220,2,10
5546,1020,3,30
5547,1040,3,18
5548,680,6,19
5549,1240,5,21
10410,360,4,29
5551,360,2,15
5552,1060,6,32
5553,820,3,23
5554,1060,9,35
5555,220,22,26
5556,280,9,23
5557,460,2,14
5558,460,2,12
5559,380,4,22
5560,300,3,23
5561,140,0,3
3642,160,5,11
5562,200,2,9
5563,80,1,8
5564,320,1,8
5565,60,0,3
5566,540,3,16
5567,320,1,9
5568,200,1,13
5569,340,7,23
5570,220,2,6
5571,160,6,14
5572,260,5,22
5573,320,3,28
5574,260,3,42
5575,340,2,16
5576,540,11,32
5577,120,2,8
5578,160,3,16
5579,160,6,21
5580,320,7,36
5581,1340,8,33
6980,120,5,6
5583,499,19,31
5584,240,3,21
3580,1520,6,33
5585,160,2,13
7089,720,6,34
5587,1140,4,31
3744,300,51,34
3581,300,3,9
5588,520,5,15
5589,600,4,26
5590,420,2,26
5591,1140,35,66
5606,1520,11,31
5607,540,2,21
5608,1040,9,27
5609,1040,7,31
5610,760,6,22
5611,180,0,7
5612,160,1,3
5613,1200,8,40
5614,340,1,14
5615,20,0,1
5616,100,1,11
5617,280,1,20
5618,740,3,25
7093,720,4,33
7088,320,4,31
5586,400,7,38
7092,460,6,39
5619,260,2,27
7086,60,0,2
6981,1340,10,28
5582,740,4,21
3452,1040,3,21
10851,1240,3,27
9991,280,1,10
3453,1120,9,34
5622,940,5,41
3663,600,3,31
5623,600,2,29
10444,480,2,11
5624,840,4,34
3834,680,3,30
5625,640,2,36
5626,1300,6,32
5627,980,5,37
5628,80,0,21
5629,300,19,41
5630,260,2,21
5631,60,1,10
5632,120,3,13
5633,360,6,26
5634,1360,9,38
5635,960,6,28
5636,840,5,27
5637,140,0,4
5638,240,1,9
5639,260,1,14
5640,40,0,3
5641,40,0,2
5642,80,1,4
5643,300,4,30
5645,880,10,30
5646,640,5,20
5647,0,0,0
5648,40,0,4
5649,200,4,8
5650,380,2,5
5651,240,33,19
3790,800,5,25
5652,740,4,25
5653,60,0,7
5654,20,0,5
5655,340,2,17
5656,40,0,6
5658,760,3,13
5659,1300,30,41
5660,160,2,20
5661,100,1,8
5662,260,4,16
3667,320,6,16
3668,280,3,15
5663,60,0,17
5664,160,2,12
5665,200,2,14
5666,120,1,6
5667,220,2,16
5668,280,5,14
5669,180,24,26
5670,1180,11,25
5671,120,3,20
5672,340,16,21
5673,980,7,33
5674,340,1,8
3751,320,3,12
5675,499,4,12
5676,940,5,43
5677,60,0,6
5678,140,3,10
5679,20,0,2
5681,60,0,17
7111,840,17,48
5682,340,7,45
5683,40,0,1
5684,820,5,36
5685,800,5,41
5686,920,6,42
5687,640,3,40
5688,640,2,33
5689,700,4,28
5690,240,2,34
5691,80,0,8
5692,780,3,40
5693,740,3,17
5694,240,1,23
7094,460,44,39
5657,120,9,24
7112,520,2,9
3424,520,5,25
3425,400,2,22
3426,640,1,29
3427,620,3,29
5695,700,4,34
3583,760,5,37
3584,960,8,47
5696,840,3,30
5697,960,7,27
5698,1080,7,34
5699,880,5,33
5700,499,3,22
5701,540,1,25
5702,700,3,34
5703,720,3,30
5705,180,2,28
5706,220,5,14
5707,100,5,14
5708,120,6,19
5709,240,6,37
5710,440,3,20
5711,1320,31,34
5712,999,6,32
5713,1740,5,27
5714,2020,6,32
5715,0,99,48
5716,1900,32,35
5717,1520,4,24
5718,740,4,31
5719,600,4,32
5720,460,2,29
5721,160,2,7
5722,140,0,5
5723,280,1,6
5724,580,3,18
5725,600,3,21
5726,0,0,4
5727,160,3,9
5728,360,10,25
5729,740,7,31
5730,680,10,21
5731,560,8,15
5732,120,1,10
5733,160,3,8
5734,120,2,7
5735,400,2,15
5736,220,0,6
5737,240,1,12
5738,100,8,17
5739,520,3,25
5740,1480,14,48
5741,700,5,18
7115,216,3,26
3454,60,0,10
3455,1120,6,33
3456,100,1,19
5742,560,3,28
7018,2540,30,47
7069,660,10,21
7021,2780,9,42
3511,2080,14,66
7020,140,1,26
7140,1700,5,23
5761,1700,11,41
5762,1300,27,24
5763,260,1,5
5764,499,12,65
5765,120,1,14
5766,300,3,45
5767,1080,9,15
5768,180,0,4
5769,660,4,15
5770,620,4,18
5771,40,1,7
4472,700,6,18
3513,1780,6,36
5772,1400,8,48
5773,620,3,26
3498,900,8,33
5774,440,1,26
5775,360,1,24
5776,540,2,29
5777,960,6,34
3411,999,4,44
3439,680,2,25
5778,340,2,20
5779,120,4,28
5780,0,0,6
3499,260,7,17
3500,120,0,5
7057,780,3,15
3522,660,2,11
4136,1420,26,45
4141,560,3,17
4139,680,2,13
4134,260,1,5
4135,999,3,14
3436,600,3,22
4140,220,3,12
4483,700,5,34
3471,60,50,26
4485,160,2,15
4486,960,5,24
4487,980,3,19
4488,240,0,11
4702,260,1,18
3505,680,6,32
3506,520,5,34
3507,1520,15,46
4703,1820,4,46
3515,499,4,55
3516,860,7,50
4704,860,7,50
4706,120,2,22
4132,700,2,19
4133,340,2,14
9959,80,1,14
4130,480,2,35
4154,680,2,28
7002,620,3,22
4153,800,2,30
7003,600,2,27
7004,620,2,30
4129,280,4,18
4126,660,2,37
4050,380,6,41
4049,980,10,47
4056,620,47,54
4051,1420,33,43
4059,999,3,24
7076,920,4,33
7023,300,0,4
7074,430,3,24
7072,120,53,44
10852,40,39,21
5782,20,0,27
4137,80,38,19
7100,80,11,16
7099,20,0,3
7083,20,20,11
4127,60,1,11
7070,880,18,62
3849,180,3,13
3855,720,20,94
3856,1080,5,25
3857,120,2,9
3858,1260,7,30
3859,120,2,10
3860,1320,5,23
3861,240,11,18
3862,1200,3,21
3864,420,5,27
3865,600,4,23
3866,480,5,20
3867,540,3,17
4191,900,4,26
3868,180,28,34
3869,1020,4,24
4192,1500,11,45
4193,960,7,37
3870,1020,5,37
3871,720,3,21
3872,840,6,24
3873,120,2,7
3874,2040,13,72
3875,780,6,26
3876,300,1,10
10983,780,6,37
3563,480,0,53
3724,0,8,8
3725,60,0,7
3564,32,9,12
3878,60,23,25
3726,240,2,12
3601,420,3,20
10984,240,2,12
3880,240,1,6
3881,360,10,18
3602,420,5,20
3603,1200,7,29
3882,1020,6,21
3883,780,3,19
3884,960,4,25
3885,120,0,4
3886,600,2,14
3887,180,85,86
9981,480,3,21
9980,480,4,19
9979,0,0,0
3889,540,10,51
7035,900,28,59
11205,420,7,29
7034,540,22,50
10024,120,7,16
7054,540,9,31
7055,164,8,20
7053,180,3,18
4078,120,3,10
4079,480,6,25
4080,420,67,57
4081,360,2,12
4082,480,7,23
3727,167,6,10
4083,211,5,11
3728,360,7,18
3614,120,1,5
3615,120,1,5
4084,180,2,11
4085,0,0,0
5095,180,3,20
5096,0,0,0
4086,180,3,9
4087,300,4,20
4088,120,3,15
4089,60,2,8
4090,900,14,56
4091,120,1,7
4092,193,7,24
4093,0,0,0
4094,120,0,5
4095,180,3,20
4096,240,3,26
4097,120,1,8
4121,120,2,10
4099,60,0,6
4100,660,2,24
4101,660,4,36
4102,660,8,39
4103,480,12,54
4104,540,3,15
5097,300,9,25
4105,420,4,24
3582,0,0,0
4106,660,5,39
4107,100,1,6
4108,180,1,11
4109,60,0,7
4232,480,5,35
10409,420,5,19
4098,180,1,10
4110,1920,8,56
4111,120,3,11
4112,2280,9,51
3729,120,1,5
4113,1080,5,21
4114,1440,6,37
4115,540,2,19
4116,180,1,7
4117,60,2,8
4118,60,2,8
4119,588,2,20
4120,120,7,18
4122,776,5,33
4123,60,1,4
4124,360,5,26
4125,180,0,11
10923,456,16,29
10921,240,3,19
10922,120,2,6
10927,120,0,4
10925,360,5,28
10924,120,2,10
10926,120,3,11
10814,540,5,22
4142,120,45,56
4143,180,10,30
4144,60,2,8
4145,660,9,41
4146,0,0,0
4147,360,4,24
4148,240,5,28
4149,300,3,12
4150,120,5,16
4151,300,2,15
4155,1500,10,50
3758,180,5,22
3759,0,0,0
3523,1140,8,45
4156,120,0,5
4157,180,1,8
4158,16,0,2
4159,780,5,31
3653,1380,13,61
3683,120,5,16
3654,1260,5,34
4160,480,15,52
4161,600,6,34
4162,180,7,21
4163,600,4,33
4164,1317,2,28
4165,409,3,22
4166,960,12,45
3463,840,4,36
3464,660,4,33
4167,1080,15,67
4168,540,8,64
4169,840,12,65
4170,494,14,32
7041,1140,7,32
4172,180,3,18
4173,1440,3,29
3691,1980,8,43
3718,2812,7,47
3719,300,7,35
4174,2040,20,72
4175,1320,13,69
4176,240,32,46
4177,0,0,0
4178,240,3,26
4179,180,1,12
3692,420,12,49
4180,1860,6,46
4181,180,1,6
4182,1200,17,50
4183,600,57,71
4184,1620,4,33
4185,420,21,32
4186,300,5,47
4187,240,4,20
3585,60,2,8
3586,60,0,7
4188,60,0,6
4189,420,7,70
4190,420,5,35
3465,660,5,26
3466,480,5,24
3467,0,100,100
4194,2220,9,54
4195,60,2,7
4196,0,0,0
4197,1740,10,48
4198,660,10,60
5103,900,18,59
4171,300,2,8
5080,660,5,24
11206,1620,11,58
7136,3660,14,65
7137,1920,5,38
7138,1560,2,26
7139,2100,7,39
4199,60,0,8
4200,480,20,55
4201,1020,11,36
4202,840,22,66
4203,720,6,27
4204,120,0,13
4205,600,5,22
4206,540,10,24
4207,120,3,16
4208,0,0,0
4209,480,4,15
3722,60,2,6
5104,540,1,13
4211,240,1,6
4212,840,5,22
4213,720,6,25
4214,334,7,12
4215,480,4,17
4216,600,6,20
4217,0,0,0
4218,600,7,35
4219,0,0,0
4220,422,7,18
4221,540,3,38
4222,540,4,21
4226,420,3,15
4227,600,5,22
4228,120,2,10
4229,1140,8,37
4230,0,0,0
4231,720,5,29
4233,0,0,0
4234,420,4,14
4235,240,3,19
4236,420,4,19
4237,0,0,0
4238,480,4,16
3669,120,1,6
3670,0,0,0
4239,420,3,13
4240,42,12,11
10037,0,0,0
10427,282,10,33
10491,120,2,14
10866,480,7,37
10867,60,2,6
7133,360,7,29
7134,480,3,12
7135,480,3,16
7113,1260,15,77
4243,360,2,10
3671,5220,13,91
4244,2100,9,53
4245,180,3,22
4246,2160,14,66
4247,1500,15,76
4248,780,9,48
4249,1500,9,50
4250,60,0,4
4251,360,75,82
4252,720,18,72
10528,240,8,26
4254,60,2,7
10608,60,3,11
4256,540,35,74
10530,0,0,0
10527,0,0,0
4257,180,7,24
10639,60,2,9
4258,60,2,8
4259,300,2,12
4260,180,2,15
4261,120,1,5
3707,360,7,19
4262,180,2,8
3618,60,3,9
4263,180,3,25
4264,960,5,26
4265,600,6,23
4266,60,52,55
3475,480,3,18
4268,180,2,8
4269,360,15,25
4270,300,30,45
7087,180,3,16
7090,720,3,17
7091,240,10,22
4279,60,3,7
11301,60,20,27
4281,265,2,35
4282,0,0,0
7101,660,6,35
4283,2160,83,114
4284,240,2,14
4285,120,15,27
4286,1740,14,61
4287,0,0,0
4289,240,3,15
4290,120,3,16
4291,60,2,9
4292,660,10,42
4293,240,2,16
4294,180,23,30
4295,300,12,34
4296,360,37,69
4297,420,5,25
10386,480,4,30
4298,300,10,33
3672,480,15,41
10387,240,5,18
4353,1500,8,54
4301,164,1,10
10388,0,0,0
3730,240,85,87
4303,48,6,9
3731,50,6,8
10678,180,1,8
4305,120,3,16
4306,660,11,44
4307,300,25,33
4308,420,4,23
4309,480,7,31
4310,300,15,32
4311,120,3,15
4312,40,1,5
10874,1080,12,40
4313,840,8,32
4314,180,2,8
4315,1920,11,54
4316,300,3,20
4317,780,5,26
4318,0,35,35
4319,660,7,47
4320,240,2,10
3650,1560,8,48
10885,60,97,97
11207,180,3,13
11208,900,4,21
10875,1380,9,34
4337,300,4,15
4338,600,4,21
4339,0,100,100
4340,780,5,35
4341,660,8,25
4342,360,9,19
3745,360,4,20
3746,300,10,40
3747,300,7,35
4343,240,2,10
10646,216,57,63
4345,780,5,34
4346,600,10,31
4347,465,7,25
4348,480,10,28
3621,900,6,39
4349,660,6,36
4350,660,4,36
4351,2220,25,94
4352,240,10,32
4354,360,5,23
10645,600,9,43
4355,720,8,38
4356,300,2,17
4357,480,3,29
4358,300,3,19
4359,60,1,3
4360,180,2,10
4361,360,5,16
4362,900,6,34
3565,540,5,22
4363,720,4,33
4364,180,4,11
4365,300,7,32
4366,240,7,32
4367,180,3,18
10647,540,18,62
4369,60,0,4
4370,60,0,5
4371,900,11,51
4372,0,0,0
4373,1200,6,29
7066,360,3,20
4375,60,2,9
4376,420,2,14
4377,300,2,14
10271,120,0,12
10338,600,4,23
10884,1380,9,37
10883,60,3,7
10878,780,8,29
7063,1560,37,98
7065,1200,47,88
9965,480,5,18
9963,660,6,23
9964,120,2,9
9967,60,2,5
3715,1320,7,63
3716,3960,12,61
3717,480,6,19
4470,720,12,47
4471,1380,9,40
3468,300,1,11
3469,900,7,39
6979,900,6,35
4473,780,10,43
10985,780,5,36
3395,480,5,28
3396,0,0,0
3397,120,2,8
4475,60,0,3
7019,660,8,55
9961,1620,10,51
9962,120,2,14
10216,0,0,0
4476,240,4,14
4477,240,5,20
10560,420,33,64
5404,240,47,54
5405,60,72,73
5406,420,10,35
5407,180,4,10
5408,240,2,7
5409,420,25,46
9930,1500,7,33
9932,720,2,15
9931,540,3,18
9929,780,6,26
9907,1320,9,39
5410,60,38,40
9909,1260,7,36
9908,360,5,28
9926,540,3,19
9928,240,2,10
10011,540,12,44
9933,300,7,26
9934,420,8,34
9917,300,5,21
9920,360,5,28
5412,120,5,15
10986,720,24,42
4479,296,4,13
3437,240,2,9
3438,113,5,10
4480,300,3,13
4481,600,4,23
3675,240,2,10
3676,780,6,30
4304,480,4,19
4484,420,3,17
3470,300,17,34
4321,540,7,24
4322,120,3,13
4323,540,2,14
4324,300,2,9
3651,300,1,8
4489,1020,5,35
4490,240,3,20
3512,300,2,13
4491,0,0,0
4492,1500,11,57
7058,420,13,43
7059,60,77,78
7073,300,3,19
4325,300,2,12
4326,180,2,8
4327,840,8,34
5116,480,7,37
5117,180,3,15
4328,720,21,40
4329,180,1,5
4330,120,2,6
10407,360,2,14
10408,420,1,15
4331,120,67,70
7102,60,2,7
10000,28,0,2
10467,120,30,37
4495,180,10,24
4496,120,2,12
4497,180,3,18
3524,120,2,12
4498,0,0,0
4500,300,2,14
4501,420,4,21
4502,240,3,14
4503,120,2,12
4504,240,2,13
4505,120,0,5
4506,120,2,7
4507,420,3,20
4508,600,4,28
4509,120,1,6
4510,420,4,21
7114,180,3,18
10097,120,0,4
4511,360,3,18
3472,120,1,6
3473,60,2,7
4512,240,2,13
4513,240,2,12
4514,240,2,12
4515,60,0,3
4516,180,2,12
5142,360,2,17
3440,120,2,12
3514,60,2,7
5143,240,2,13
4517,0,0,0
4518,360,5,19
4519,300,51,57
4520,0,0,0
4521,60,1,3
4522,180,2,17
4523,180,5,19
3638,0,0,0
4524,300,7,30
4525,120,2,12
4526,180,5,26
4527,120,2,15
4528,119,6,12
3733,240,5,24
9960,180,0,20
3639,420,2,21
3734,360,10,42
4529,60,1,4
3735,600,4,33
4530,540,3,25
4531,780,8,41
4532,660,6,32
4533,360,5,36
4534,240,2,13
4535,180,1,8
4536,0,0,0
4537,60,0,5
3595,60,2,7
4538,0,0,0
4539,60,2,9
3767,270,1,8
4540,180,1,8
3708,60,5,10
10218,0,0,0
10219,240,2,18
10220,60,3,7
10221,60,0,4
3413,60,2,8
3412,180,3,32
10212,720,4,23
9914,240,7,29
10195,60,0,8
6983,720,6,25
10012,60,45,49
10153,120,1,5
4543,240,3,11
10154,480,17,44
4545,420,17,40
4546,600,3,22
4548,720,4,19
4549,240,7,22
4550,120,2,9
4551,180,3,15
4552,60,2,6
4553,180,3,15
4554,180,10,21
9882,60,2,6
4556,60,2,7
3408,240,8,23
4557,300,7,26
4558,300,2,12
4559,60,3,7
3829,480,4,19
4560,240,7,22
4561,180,3,15
4562,0,0,0
3824,180,7,18
3825,60,2,6
4563,900,11,33
4564,780,17,60
3596,660,12,51
4565,60,0,4
4566,900,20,68
4567,240,5,20
4568,120,2,10
4569,180,3,15
3588,120,0,8
3589,1140,6,36
4570,720,10,32
10165,180,1,7
10166,60,1,3
3737,24,1,3
4572,0,0,0
4573,0,0,0
4574,600,4,23
4575,240,1,6
4576,720,4,19
3738,360,1,9
4577,90,1,3
4578,630,2,16
4579,420,3,12
4580,60,78,79
4581,660,3,17
4582,360,71,73
7024,60,95,95
9915,600,10,25
9916,1380,10,44
9919,840,7,29
9918,660,5,22
10809,0,0,0
10813,300,3,15
4585,2040,9,50
4586,240,1,11
4587,300,3,27
4588,540,5,26
4589,960,5,20
4590,60,2,8
4591,60,2,8
4592,810,2,20
4593,600,3,16
4594,300,2,7
4595,300,7,26
4596,420,8,34
4597,720,8,63
10032,360,2,10
4598,0,45,45
4599,60,0,3
4600,60,0,3
4601,120,0,5
4602,60,1,3
4603,300,2,12
4604,600,4,23
4605,480,4,19
4606,240,2,10
4607,300,2,12
4608,420,4,17
4609,0,0,0
4610,180,4,11
4611,480,4,19
4612,16,5,6
4614,300,2,12
4615,720,4,22
4616,240,2,10
4617,120,1,6
4618,60,0,4
4619,420,4,17
4620,120,1,5
4621,300,3,13
4622,0,0,0
3591,120,2,12
3592,240,3,11
10033,120,18,26
7142,0,73,73
7141,120,17,25
4623,360,4,17
3739,360,4,17
3740,360,4,20
4624,420,7,35
3741,120,0,11
4625,120,2,13
4626,60,52,55
3474,0,0,0
4627,351,10,36
4628,163,7,17
4629,346,9,35
4630,170,7,19
4631,410,27,50
4632,138,7,18
4633,540,3,25
4634,360,5,22
4635,240,1,8
4636,576,34,55
4637,300,2,13
3398,240,4,12
3399,180,2,14
3400,0,0,0
4638,780,7,30
9968,360,13,39
4639,720,6,30
10040,300,1,15
10039,280,1,11
4640,0,0,0
4641,60,0,6
4642,840,5,32
4643,0,0,0
3689,180,60,67
3690,120,2,14
4644,0,100,100
4645,0,0,0
10041,240,5,23
4647,60,2,7
10042,360,2,13
10045,300,1,11
10047,60,2,9
4687,120,3,15
4648,540,4,30
4649,360,5,39
4650,300,8,31
3525,120,7,17
3526,120,2,11
4651,300,3,39
4652,0,0,0
4653,0,0,0
4654,268,6,29
3501,60,0,6
3502,60,0,6
3503,360,12,41
3504,120,2,6
4655,120,3,13
4656,240,4,11
4657,180,25,36
4658,303,34,45
4659,0,0,0
4661,60,2,6
4662,120,5,13
4663,60,0,6
4664,660,5,23
4665,0,0,0
4666,60,2,6
4667,120,5,13
4668,120,3,11
4669,480,4,19
4670,300,3,12
4671,180,5,19
3414,1080,17,49
3415,180,2,6
3416,480,4,16
4672,540,3,20
4673,480,3,17
4674,120,3,11
4675,120,0,3
4676,60,0,3
4677,0,50,50
4678,600,4,17
3442,60,2,6
4679,360,5,15
4680,660,60,79
3443,600,5,23
4681,120,1,5
4682,180,1,6
4683,0,0,0
4684,180,3,19
4686,32,12,14
7077,60,0,4
7060,180,10,26
7061,60,0,5
7078,240,63,68
5414,420,12,31
5415,1020,6,38
5416,720,6,30
5417,180,1,7
5418,180,2,6
5419,300,3,14
3677,660,3,18
5420,540,5,25
3485,420,3,12
5421,300,5,19
5430,360,4,16
5434,540,12,47
5435,60,2,7
5436,360,8,36
5437,120,2,10
4555,240,20,33
10187,300,1,8
10184,300,4,14
10182,540,5,25
10186,32,2,5
3448,349,6,13
5505,120,1,5
5506,360,4,14
5507,344,13,34
10470,120,35,43
11282,180,3,18
5592,300,5,25
5593,360,3,16
5594,360,3,16
5595,660,6,30
5596,360,2,15
5597,180,1,8
5598,300,13,29
5599,60,63,65
3773,120,3,11
5600,120,3,11
5601,360,7,31
5602,240,3,18
5603,180,2,14
5604,60,2,6
5605,300,7,24
11284,240,3,20
5621,120,0,11
11283,120,2,13
3417,252,2,16
3418,420,3,20
4688,120,2,11
4689,180,2,9
4690,420,3,22
4691,420,2,16
4692,180,2,10
4693,480,5,19
4695,120,1,5
4696,0,0,0
3444,0,0,0
10038,60,2,9
10648,300,3,16
3476,180,3,15
3477,120,1,4
3478,720,5,22
4697,180,1,6
4698,60,2,6
4699,240,7,22
4700,72,3,5
4701,300,3,11
9970,180,2,8
9971,180,2,8
9972,120,3,15
10649,420,5,20
10650,600,6,30
10682,300,3,17
10658,120,0,4
4707,0,0,0
4708,360,15,35
4709,240,12,26
4710,120,2,12
4711,180,7,18
4712,300,8,26
4713,480,8,36
4714,240,5,20
4715,120,10,15
4716,180,7,21
4717,480,8,24
4718,60,2,7
3401,540,9,31
10065,0,0,0
3402,0,0,0
5744,600,8,39
5745,300,4,12
5746,300,3,11
5747,840,4,19
5748,0,0,0
5749,120,0,3
5750,360,10,32
5751,0,0,0
5752,0,0,0
5753,300,28,46
5754,0,0,0
9925,0,0,0
9896,532,6,20
9897,240,3,11
11034,240,38,43
11035,420,4,17
11036,240,4,12
5755,420,3,17
5756,351,6,17
5757,120,0,4
5760,120,2,6
5759,120,2,6
7097,240,2,10
10155,300,4,14
3678,60,27,30
4719,540,10,26
4720,60,0,4
11033,540,4,21
4722,240,2,10
4723,60,2,6
6912,60,0,2
4725,480,3,19
4726,120,27,33
4727,300,2,12
4728,60,2,5
4729,0,0,0
4730,780,5,30
4731,960,7,37
4732,300,10,33
4733,360,2,14
4734,1260,3,31
11032,180,1,7
9883,300,8,17
9884,264,3,12
9887,420,12,37
9886,660,12,51
9906,120,3,11
4737,60,3,6
4738,0,0,0
9905,60,2,6
9904,300,2,12
9903,120,2,10
9913,240,3,11
9912,480,3,19
9911,120,2,10
9910,180,3,18
9898,180,2,8
9899,840,5,32
9900,840,5,32
9975,240,2,9
9974,480,4,17
9973,60,5,8
9976,0,0,0
6639,3360,11,73
3797,960,6,66
6640,1320,5,59
6641,5100,14,89
6642,6000,16,88
6643,1080,4,33
6644,4200,9,92
6645,1800,7,65
6646,5160,9,115
6647,3720,9,79
6648,4020,8,87
6649,3960,7,76
6650,4380,9,77
6651,3660,8,74
6652,480,3,29
6653,120,0,7
6654,4320,7,73
6655,3900,7,74
6656,-1,-1,-1
6657,-1,-1,-1
10264,-1,-1,-1
6659,-1,-1,-1
6660,-1,-1,-1
10175,3540,8,73
10265,3840,12,67
6658,-1,-1,-1
3818,3900,9,85
3819,6900,11,88
3820,5820,14,97
6663,4320,22,101
3799,5940,10,89
3800,3420,14,103
6664,5940,14,110
6665,3000,23,70
6666,5700,10,71
3488,3000,7,67
3489,960,8,57
6667,2220,8,46
6668,1320,17,78
6669,1380,12,79
3611,1740,9,91
3815,5100,6,113
3490,4800,9,81
3491,4680,6,81
3492,2640,6,71
3493,2040,7,60
3816,3120,12,73
6670,2340,19,73
6671,1560,6,47
6672,2040,31,61
6673,1020,3,30
6674,1260,29,73
7124,600,5,37
6676,3300,30,69
6677,1800,4,91
6678,60,1,4
6679,2640,35,59
6820,720,8,58
6680,2820,13,76
6681,1140,13,68
6682,1560,5,52
6683,4200,10,85
6684,1500,4,48
6685,3960,8,59
6686,1920,6,59
6687,2160,8,72
6688,1260,4,56
6689,3060,9,56
6690,3120,8,61
6691,2460,5,48
7125,420,3,26
6692,2400,5,43
6693,1800,3,33
6694,1320,2,26
6813,1200,5,37
6695,2280,5,47
6696,2700,4,84
10180,2160,4,60
6698,960,2,19
6815,1440,14,79
6817,660,5,55
6699,1680,3,33
6700,1260,1,18
3801,1680,3,33
6914,1680,4,59
6702,0,0,0
3510,-1,-1,-1
6703,-1,-1,-1
6704,-1,-1,-1
6705,-1,-1,-1
6706,1200,10,68
6707,180,1,11
7130,2280,13,86
7013,180,16,24
7014,360,3,22
3521,3600,6,66
6712,240,2,15
6713,3300,6,63
3821,1020,9,61
3822,2460,9,69
3823,3960,10,73
6714,2400,10,90
6715,4440,7,76
6716,1080,10,80
6717,2400,4,58
6718,2520,10,90
6719,1980,17,91
6720,2280,4,54
6721,5160,9,102
6722,1740,3,41
6723,4260,10,86
6724,1500,4,84
6725,4080,7,61
6726,3360,8,71
6727,3840,6,61
6728,2700,10,81
6729,1920,4,40
6730,1260,4,56
6731,900,9,47
6732,2400,5,50
6733,4920,9,81
6734,2820,5,55
6735,3420,12,85
6736,900,9,53
6737,2760,23,54
6738,3900,9,82
6739,3060,13,80
6740,540,5,38
6742,600,6,37
6743,3120,7,61
6744,2400,9,73
6745,960,8,55
6746,3600,5,62
6747,5940,10,258
7126,360,2,37
10177,1560,6,56
6749,3120,6,66
6750,2760,11,85
6751,1020,3,55
6753,3120,6,63
6754,660,2,20
6755,1800,15,80
6756,4080,8,66
6757,540,1,34
6758,3960,10,81
6759,1620,13,97
6760,600,1,34
6761,1740,7,71
6763,1740,5,51
6764,240,1,14
6765,1980,3,39
3531,1860,7,55
3532,1140,9,27
3533,2940,7,86
6948,840,7,79
6766,4560,10,112
6767,3900,8,115
6768,2160,4,61
3836,2580,6,51
3558,2040,4,40
3559,1020,9,56
6769,2220,4,34
3597,2400,4,36
6816,1740,7,52
6770,1860,3,28
3598,900,1,13
3599,2220,5,44
3560,2100,5,42
6771,2760,9,56
3494,2520,14,54
6772,2100,8,63
6934,1380,6,42
6935,1080,9,70
3837,3840,8,67
3539,1320,21,75
3536,2580,12,75
6819,1020,12,62
3495,1740,4,35
3561,660,3,39
3600,1200,2,24
3838,900,11,56
3839,900,2,27
6777,720,6,44
7127,960,17,32
6778,3480,9,91
6779,4740,9,69
6822,1980,10,60
6780,2520,8,40
6938,3360,8,51
6939,660,8,75
6942,2820,11,75
6941,660,6,40
6949,2460,8,63
6950,360,3,23
6781,1140,3,34
6782,5820,8,67
3496,780,7,47
6783,1680,11,58
6784,720,18,51
6787,-1,-1,-1
6788,-1,-1,-1
6932,2940,10,84
7128,300,2,18
3538,900,3,27
6789,2940,9,54
6790,1200,3,60
7131,720,5,43
3827,120,3,9
3828,1380,4,57
3826,420,4,32
6791,1560,3,59
6792,180,1,21
3761,900,3,27
3762,300,0,8
3763,360,0,7
3703,120,0,7
3704,1200,4,20
3705,1740,7,47
6793,2460,8,48
6823,1620,6,44
6794,2280,9,47
6936,720,5,37
6937,1500,3,29
6795,240,4,17
7012,240,9,21
6943,2040,7,57
6944,360,4,23
6952,2280,7,61
6951,300,33,39
6796,1260,4,46
6797,1140,8,68
6798,1980,3,30
6799,540,3,32
6800,540,2,17
6801,1620,3,52
6802,720,1,16
6804,1620,6,34
3706,840,6,41
6805,1680,8,54
6806,660,11,45
6809,-1,-1,-1
6810,-1,-1,-1
6933,1920,7,56
7129,540,3,32
7015,960,7,60
10266,1080,4,33
10194,600,2,18
10297,-1,-1,-1
10172,1860,15,95
10173,-1,-1,-1
10174,-1,-1,-1
10171,360,2,30
6748,1380,10,69
10179,1800,6,60
10178,780,7,47
6697,2160,5,59
10176,960,13,59
6661,840,10,52
10269,-1,-1,-1
10198,2940,6,68
10200,660,2,20
10201,360,2,25
10199,1080,9,64
10204,1680,2,32
10203,420,3,13
10202,-1,-1,-1
10205,600,1,18
10207,3120,8,65
10208,1860,5,42
10210,1800,4,42
10211,1320,1,25
6741,1440,13,83
10267,900,8,54
6762,60,0,3
10268,2220,6,74
3817,780,8,56
10660,180,1,11
10662,1080,7,63
10661,1260,10,73
10659,120,0,6
6803,600,5,86
6773,1740,7,88
6774,240,2,30
6775,4140,5,67
6786,1200,13,90
6785,1380,7,43
6807,2400,13,71
6808,0,0,0
6711,2400,13,71
